week,match,league,pick,actual_ht,actual_ft,ht_correct,ht_score,confidence,pin_prob_h,pin_prob_a,h_ht_lead,a_ht_lead,reason
2020-09-21/2020-09-27,Eibar vs Ath Bilbao,La_Liga,D,A,A,False,0-1,9.5,0.31,0.36,0.0,0.0,"tight match ph=31%/pa=36%, HT draw rate: home 100% away 100%"
2020-09-28/2020-10-04,RB Leipzig vs Schalke 04,Bundesliga,H,H,H,True,3-0,9.8,0.76,0.08,1.0,0.0,"ph=76%, home HT lead rate 100% at home"
2020-10-12/2020-10-18,Roma vs Benevento,Serie_A,H,H,H,True,2-1,8.2,0.73,0.1,1.0,0.0,"ph=73%, home HT lead rate 100% at home"
2020-10-19/2020-10-25,Dortmund vs Schalke 04,Bundesliga,H,D,H,False,0-0,10.2,0.79,0.07,1.0,0.0,"ph=79%, home HT lead rate 100% at home"
2020-10-26/2020-11-01,FC Koln vs Bayern Munich,Bundesliga,A,A,A,True,0-2,10.4,0.07,0.81,0.0,0.5,"pa=81%, away HT lead rate 50% away"
2020-11-02/2020-11-08,RB Leipzig vs Freiburg,Bundesliga,H,H,H,True,1-0,7.0,0.72,0.1,0.67,0.33,"ph=72%, home HT lead rate 67% at home"
2020-11-16/2020-11-22,Bayern Munich vs Werder Bremen,Bundesliga,H,A,D,False,0-1,9.6,0.86,0.05,1.0,0.33,"ph=86%, home HT lead rate 100% at home"
2020-11-23/2020-11-29,RB Leipzig vs Bielefeld,Bundesliga,H,H,H,True,1-0,10.1,0.79,0.07,0.75,0.0,"ph=79%, home HT lead rate 75% at home"
2020-11-30/2020-12-06,Ath Madrid vs Valladolid,La_Liga,H,D,H,False,0-0,6.8,0.69,0.1,0.6,0.4,"ph=69%, home HT lead rate 60% at home"
2020-12-07/2020-12-13,Union Berlin vs Bayern Munich,Bundesliga,A,H,D,False,1-0,8.3,0.11,0.74,0.4,0.6,"pa=74%, away HT lead rate 60% away"
2020-12-14/2020-12-20,Ath Madrid vs Elche,La_Liga,H,H,H,True,1-0,8.9,0.79,0.05,0.5,0.4,"ph=79%, home HT lead rate 50% at home"
2020-12-21/2020-12-27,Roma vs Cagliari,Serie_A,H,H,H,True,1-0,8.2,0.73,0.1,0.83,0.14,"ph=73%, home HT lead rate 83% at home"
2020-12-28/2021-01-03,Bayern Munich vs Mainz,Bundesliga,H,A,H,False,0-2,9.8,0.87,0.04,0.5,0.17,"ph=87%, home HT lead rate 50% at home"
2021-01-04/2021-01-10,Granada vs Barcelona,La_Liga,A,A,A,True,0-3,7.7,0.14,0.68,0.12,0.5,"pa=68%, away HT lead rate 50% away"
2021-01-11/2021-01-17,Atalanta vs Genoa,Serie_A,H,D,D,False,0-0,10.1,0.78,0.08,0.5,0.0,"ph=78%, home HT lead rate 50% at home"
2021-01-18/2021-01-24,Juventus vs Bologna,Serie_A,H,H,H,True,1-0,7.7,0.68,0.12,0.5,0.0,"ph=68%, home HT lead rate 50% at home"
2021-01-25/2021-01-31,Bayern Munich vs Hoffenheim,Bundesliga,H,H,H,True,2-1,8.7,0.78,0.08,0.5,0.33,"ph=78%, home HT lead rate 50% at home"
2021-02-01/2021-02-07,Milan vs Crotone,Serie_A,H,H,H,True,1-0,8.1,0.78,0.07,0.4,0.0,"ph=78%, home HT lead rate 40% at home"
2021-02-08/2021-02-14,RB Leipzig vs Augsburg,Bundesliga,H,H,H,True,2-0,9.8,0.76,0.08,0.5,0.11,"ph=76%, home HT lead rate 50% at home"
2021-02-15/2021-02-21,Bayern Munich vs Bielefeld,Bundesliga,H,A,D,False,0-2,10.7,0.83,0.06,0.56,0.0,"ph=83%, home HT lead rate 56% at home"
2021-02-22/2021-02-28,Juventus vs Crotone,Serie_A,H,H,H,True,2-0,10.8,0.83,0.05,0.6,0.0,"ph=83%, home HT lead rate 60% at home"
2021-03-01/2021-03-07,Juventus vs Spezia,Serie_A,H,D,H,False,0-0,8.6,0.77,0.07,0.6,0.3,"ph=77%, home HT lead rate 60% at home"
2021-03-08/2021-03-14,Real Madrid vs Elche,La_Liga,H,D,H,False,0-0,10.4,0.81,0.06,0.5,0.1,"ph=81%, home HT lead rate 50% at home"
2021-03-15/2021-03-21,Juventus vs Benevento,Serie_A,H,D,A,False,0-0,9.2,0.82,0.06,0.5,0.3,"ph=82%, home HT lead rate 50% at home"
2021-03-29/2021-04-04,Napoli vs Crotone,Serie_A,H,H,H,True,3-1,10.2,0.79,0.07,0.6,0.0,"ph=79%, home HT lead rate 60% at home"
2021-04-05/2021-04-11,Inter vs Cagliari,Serie_A,H,D,H,False,0-0,9.9,0.77,0.08,0.6,0.1,"ph=77%, home HT lead rate 60% at home"
2021-04-12/2021-04-18,Lazio vs Benevento,Serie_A,H,H,H,True,3-1,6.7,0.68,0.12,0.5,0.3,"ph=68%, home HT lead rate 50% at home"
2021-04-19/2021-04-25,Barcelona vs Getafe,La_Liga,H,H,H,True,3-1,10.2,0.79,0.06,0.5,0.1,"ph=79%, home HT lead rate 50% at home"
2021-04-26/2021-05-02,Barcelona vs Granada,La_Liga,H,H,A,True,1-0,10.8,0.84,0.05,0.6,0.0,"ph=84%, home HT lead rate 60% at home"
2021-05-03/2021-05-09,Parma vs Atalanta,Serie_A,A,A,A,True,0-1,9.0,0.07,0.8,0.3,0.7,"pa=80%, away HT lead rate 70% away"
2021-05-10/2021-05-16,Ath Madrid vs Osasuna,La_Liga,H,D,H,False,0-0,10.1,0.78,0.07,0.5,0.1,"ph=78%, home HT lead rate 50% at home"
2021-05-17/2021-05-23,Bayern Munich vs Augsburg,Bundesliga,H,H,H,True,4-0,9.5,0.85,0.06,0.6,0.2,"ph=85%, home HT lead rate 60% at home"
2021-08-09/2021-08-15,FC Koln vs Hertha,Bundesliga,D,D,H,True,1-1,6.7,0.37,0.34,0.1,0.1,"tight match ph=37%/pa=34%, HT draw rate: home 80% away 70%"
2021-08-16/2021-08-22,Napoli vs Venezia,Serie_A,H,D,H,False,0-0,10.0,0.77,0.08,0.9,0.0,"ph=77%, home HT lead rate 90% at home"
2021-08-23/2021-08-29,Bayern Munich vs Hertha,Bundesliga,H,H,H,True,2-0,10.5,0.82,0.06,0.6,0.1,"ph=82%, home HT lead rate 60% at home"
2021-09-06/2021-09-12,Man United vs Newcastle,EPL,H,H,H,True,1-0,10.5,0.81,0.06,1.0,0.0,"ph=81%, home HT lead rate 100% at home"
2021-09-13/2021-09-19,Bayern Munich vs Bochum,Bundesliga,H,H,H,True,4-0,11.7,0.91,0.03,0.6,0.0,"ph=91%, home HT lead rate 60% at home"
2021-09-20/2021-09-26,Greuther Furth vs Bayern Munich,Bundesliga,A,A,A,True,0-2,11.4,0.04,0.88,0.0,0.6,"pa=88%, away HT lead rate 60% away"
2021-09-27/2021-10-03,Bayern Munich vs Ein Frankfurt,Bundesliga,H,D,A,False,1-1,9.1,0.81,0.07,0.7,0.4,"ph=81%, home HT lead rate 70% at home"
2021-10-11/2021-10-17,Man City vs Burnley,EPL,H,H,H,True,1-0,9.7,0.86,0.04,0.67,0.33,"ph=86%, home HT lead rate 67% at home"
2021-10-18/2021-10-24,Chelsea vs Norwich,EPL,H,H,H,True,3-0,10.5,0.82,0.05,0.75,0.0,"ph=82%, home HT lead rate 75% at home"
2021-10-25/2021-10-31,Man City vs Crystal Palace,EPL,H,A,A,False,0-1,10.9,0.85,0.04,0.75,0.0,"ph=85%, home HT lead rate 75% at home"
2021-11-01/2021-11-07,Bayern Munich vs Freiburg,Bundesliga,H,H,H,True,1-0,9.2,0.82,0.06,0.7,0.5,"ph=82%, home HT lead rate 70% at home"
2021-11-15/2021-11-21,Man City vs Everton,EPL,H,H,H,True,1-0,9.2,0.82,0.06,0.6,0.2,"ph=82%, home HT lead rate 60% at home"
2021-11-22/2021-11-28,Bayern Munich vs Bielefeld,Bundesliga,H,D,H,False,0-0,9.9,0.89,0.03,0.7,0.2,"ph=89%, home HT lead rate 70% at home"
2021-11-29/2021-12-05,Milan vs Salernitana,Serie_A,H,H,H,True,2-0,10.2,0.79,0.07,0.5,0.14,"ph=79%, home HT lead rate 50% at home"
2021-12-06/2021-12-12,Man City vs Wolves,EPL,H,D,H,False,0-0,10.7,0.83,0.05,0.71,0.14,"ph=83%, home HT lead rate 71% at home"
2021-12-13/2021-12-19,Liverpool vs Newcastle,EPL,H,H,H,True,2-1,11.1,0.86,0.04,0.62,0.12,"ph=86%, home HT lead rate 62% at home"
2021-12-20/2021-12-26,Juventus vs Cagliari,Serie_A,H,H,H,True,1-0,10.5,0.81,0.05,0.5,0.0,"ph=81%, home HT lead rate 50% at home"
2021-12-27/2022-01-02,Brentford vs Man City,EPL,A,A,A,True,0-1,9.2,0.06,0.82,0.25,0.56,"pa=82%, away HT lead rate 56% away"
2022-01-03/2022-01-09,Verona vs Salernitana,Serie_A,H,A,A,False,0-1,7.8,0.7,0.11,0.5,0.11,"ph=70%, home HT lead rate 50% at home"
2022-01-10/2022-01-16,FC Koln vs Bayern Munich,Bundesliga,A,A,A,True,0-2,9.1,0.12,0.71,0.0,0.6,"pa=71%, away HT lead rate 60% away"
2022-01-17/2022-01-23,Inter vs Venezia,Serie_A,H,D,H,False,1-1,11.2,0.87,0.04,0.7,0.1,"ph=87%, home HT lead rate 70% at home"
2022-01-31/2022-02-06,Roma vs Genoa,Serie_A,H,D,D,False,0-0,7.1,0.72,0.1,0.5,0.2,"ph=72%, home HT lead rate 50% at home"
2022-02-07/2022-02-13,Man City vs Brentford,EPL,H,H,H,True,1-0,9.7,0.87,0.04,0.6,0.2,"ph=87%, home HT lead rate 60% at home"
2022-02-14/2022-02-20,Liverpool vs Norwich,EPL,H,D,H,False,0-0,11.2,0.87,0.04,0.7,0.1,"ph=87%, home HT lead rate 70% at home"
2022-02-21/2022-02-27,Liverpool vs Leeds,EPL,H,H,H,True,3-0,9.4,0.84,0.05,0.7,0.2,"ph=84%, home HT lead rate 70% at home"
2022-02-28/2022-03-06,Inter vs Salernitana,Serie_A,H,H,H,True,2-0,9.2,0.82,0.05,0.6,0.2,"ph=82%, home HT lead rate 60% at home"
2022-03-07/2022-03-13,Dortmund vs Bielefeld,Bundesliga,H,H,H,True,1-0,8.5,0.76,0.08,0.6,0.2,"ph=76%, home HT lead rate 60% at home"
2022-03-14/2022-03-20,Juventus vs Salernitana,Serie_A,H,H,H,True,2-0,9.1,0.81,0.06,0.6,0.2,"ph=81%, home HT lead rate 60% at home"
2022-03-28/2022-04-03,Burnley vs Man City,EPL,A,A,A,True,0-2,10.2,0.06,0.79,0.1,0.6,"pa=79%, away HT lead rate 60% away"
2022-04-04/2022-04-10,Bayern Munich vs Augsburg,Bundesliga,H,D,H,False,0-0,11.1,0.86,0.04,0.5,0.1,"ph=86%, home HT lead rate 50% at home"
2022-04-11/2022-04-17,Bielefeld vs Bayern Munich,Bundesliga,A,A,A,True,0-2,10.5,0.06,0.81,0.1,0.5,"pa=81%, away HT lead rate 50% away"
2022-04-18/2022-04-24,Liverpool vs Everton,EPL,H,D,H,False,0-0,10.6,0.82,0.05,0.8,0.1,"ph=82%, home HT lead rate 80% at home"
2022-04-25/2022-05-01,Juventus vs Venezia,Serie_A,H,H,H,True,1-0,10.4,0.8,0.06,0.7,0.0,"ph=80%, home HT lead rate 70% at home"
2022-05-02/2022-05-08,Inter vs Empoli,Serie_A,H,D,H,False,2-2,9.5,0.84,0.05,0.6,0.2,"ph=84%, home HT lead rate 60% at home"
2022-05-09/2022-05-15,Bielefeld vs RB Leipzig,Bundesliga,A,D,D,False,0-0,9.8,0.09,0.76,0.1,0.5,"pa=76%, away HT lead rate 50% away"
2022-05-16/2022-05-22,Inter vs Sampdoria,Serie_A,H,D,H,False,0-0,9.6,0.86,0.04,0.5,0.2,"ph=86%, home HT lead rate 50% at home"
2022-08-01/2022-08-07,Tottenham vs Southampton,EPL,H,H,H,True,2-1,8.0,0.71,0.11,0.6,0.1,"ph=71%, home HT lead rate 60% at home"
2022-08-08/2022-08-14,Man City vs Bournemouth,EPL,H,H,H,True,3-0,11.7,0.91,0.02,0.6,0.0,"ph=91%, home HT lead rate 60% at home"
2022-08-15/2022-08-21,Liverpool vs Crystal Palace,EPL,H,A,D,False,0-1,9.1,0.81,0.05,0.6,0.3,"ph=81%, home HT lead rate 60% at home"
2022-08-22/2022-08-28,Liverpool vs Bournemouth,EPL,H,H,H,True,5-0,11.1,0.86,0.04,0.5,0.0,"ph=86%, home HT lead rate 50% at home"
2022-08-29/2022-09-04,Man City vs Nott'm Forest,EPL,H,H,H,True,3-0,11.6,0.9,0.03,0.6,0.0,"ph=90%, home HT lead rate 60% at home"
2022-09-05/2022-09-11,Bayern Munich vs Stuttgart,Bundesliga,H,H,D,True,1-0,10.7,0.83,0.06,0.5,0.1,"ph=83%, home HT lead rate 50% at home"
2022-09-12/2022-09-18,Barcelona vs Elche,La_Liga,H,H,H,True,2-0,9.8,0.87,0.04,0.5,0.2,"ph=87%, home HT lead rate 50% at home"
2022-09-26/2022-10-02,RB Leipzig vs Bochum,Bundesliga,H,H,H,True,2-0,8.7,0.78,0.09,0.5,0.2,"ph=78%, home HT lead rate 50% at home"
2022-10-03/2022-10-09,Man City vs Southampton,EPL,H,H,H,True,2-0,11.1,0.86,0.05,0.7,0.0,"ph=86%, home HT lead rate 70% at home"
2022-10-10/2022-10-16,Napoli vs Bologna,Serie_A,H,D,H,False,1-1,9.9,0.77,0.07,0.5,0.1,"ph=77%, home HT lead rate 50% at home"
2022-10-17/2022-10-23,Man City vs Brighton,EPL,H,H,H,True,2-0,9.0,0.8,0.06,0.7,0.6,"ph=80%, home HT lead rate 70% at home"
2022-10-24/2022-10-30,Arsenal vs Nott'm Forest,EPL,H,H,H,True,1-0,10.5,0.81,0.06,0.6,0.0,"ph=81%, home HT lead rate 60% at home"
2022-10-31/2022-11-06,Man City vs Fulham,EPL,H,D,H,False,1-1,11.1,0.86,0.04,0.7,0.0,"ph=86%, home HT lead rate 70% at home"
2022-11-07/2022-11-13,Real Madrid vs Cadiz,La_Liga,H,H,H,True,1-0,10.9,0.85,0.04,0.6,0.0,"ph=85%, home HT lead rate 60% at home"
2022-12-26/2023-01-01,Barcelona vs Espanol,La_Liga,H,H,D,True,1-0,9.9,0.77,0.08,0.7,0.0,"ph=77%, home HT lead rate 70% at home"
2023-01-02/2023-01-08,Man United vs Bournemouth,EPL,H,H,H,True,1-0,7.3,0.75,0.09,0.6,0.25,"ph=75%, home HT lead rate 60% at home"
2023-01-09/2023-01-15,Inter vs Verona,Serie_A,H,H,H,True,1-0,7.3,0.75,0.1,0.5,0.2,"ph=75%, home HT lead rate 50% at home"
2023-01-16/2023-01-22,Barcelona vs Getafe,La_Liga,H,H,H,True,1-0,9.2,0.82,0.05,0.7,0.2,"ph=82%, home HT lead rate 70% at home"
2023-01-23/2023-01-29,Bayern Munich vs FC Koln,Bundesliga,H,A,D,False,0-1,8.9,0.79,0.08,0.8,0.2,"ph=79%, home HT lead rate 80% at home"
2023-01-30/2023-02-05,Spezia vs Napoli,Serie_A,A,D,A,False,0-0,7.9,0.11,0.71,0.4,0.5,"pa=71%, away HT lead rate 50% away"
2023-02-06/2023-02-12,Bayern Munich vs Bochum,Bundesliga,H,H,H,True,1-0,10.9,0.84,0.06,0.8,0.0,"ph=84%, home HT lead rate 80% at home"
2023-02-13/2023-02-19,Barcelona vs Cadiz,La_Liga,H,H,H,True,2-0,10.3,0.8,0.07,0.7,0.1,"ph=80%, home HT lead rate 70% at home"
2023-02-20/2023-02-26,Bayern Munich vs Union Berlin,Bundesliga,H,H,H,True,3-0,7.1,0.73,0.1,0.8,0.3,"ph=73%, home HT lead rate 80% at home"
2023-02-27/2023-03-05,Arsenal vs Bournemouth,EPL,H,A,H,False,0-1,7.1,0.79,0.07,0.4,0.2,"ph=79%, home HT lead rate 40% at home"
2023-03-06/2023-03-12,Real Madrid vs Espanol,La_Liga,H,H,H,True,2-1,9.8,0.76,0.08,0.5,0.0,"ph=76%, home HT lead rate 50% at home"
2023-03-13/2023-03-19,Milan vs Salernitana,Serie_A,H,H,D,True,1-0,8.5,0.76,0.08,0.5,0.2,"ph=76%, home HT lead rate 50% at home"
2023-03-27/2023-04-02,Real Madrid vs Valladolid,La_Liga,H,H,H,True,4-0,10.3,0.8,0.07,0.6,0.1,"ph=80%, home HT lead rate 60% at home"
2023-04-03/2023-04-09,Milan vs Empoli,Serie_A,H,D,D,False,0-0,6.8,0.7,0.11,0.6,0.3,"ph=70%, home HT lead rate 60% at home"
2023-04-10/2023-04-16,Man City vs Leicester,EPL,H,H,H,True,3-0,9.3,0.83,0.06,0.6,0.4,"ph=83%, home HT lead rate 60% at home"
2023-04-17/2023-04-23,Liverpool vs Nott'm Forest,EPL,H,D,H,False,0-0,10.5,0.81,0.06,0.5,0.1,"ph=81%, home HT lead rate 50% at home"
2023-04-24/2023-04-30,Bayern Munich vs Hertha,Bundesliga,H,D,H,False,0-0,11.1,0.86,0.05,0.9,0.0,"ph=86%, home HT lead rate 90% at home"
2023-05-01/2023-05-07,Barcelona vs Osasuna,La_Liga,H,D,H,False,0-0,9.2,0.82,0.05,0.6,0.3,"ph=82%, home HT lead rate 60% at home"
2023-05-08/2023-05-14,Bayern Munich vs Schalke 04,Bundesliga,H,H,H,True,2-0,9.5,0.85,0.06,0.8,0.2,"ph=85%, home HT lead rate 80% at home"
2023-05-15/2023-05-21,Milan vs Sampdoria,Serie_A,H,H,H,True,3-1,10.4,0.81,0.06,0.5,0.1,"ph=81%, home HT lead rate 50% at home"
2023-05-22/2023-05-28,Dortmund vs Mainz,Bundesliga,H,A,D,False,0-2,9.4,0.84,0.06,0.8,0.3,"ph=84%, home HT lead rate 80% at home"
2023-05-29/2023-06-04,Betis vs Valencia,La_Liga,D,H,D,False,1-0,5.2,0.34,0.39,0.3,0.2,"tight match ph=34%/pa=39%, HT draw rate: home 70% away 50%"
2023-08-07/2023-08-13,Burnley vs Man City,EPL,A,A,A,True,0-2,9.2,0.11,0.71,0.1,0.5,"pa=71%, away HT lead rate 50% away"
2023-08-14/2023-08-20,Barcelona vs Cadiz,La_Liga,H,D,H,False,0-0,10.3,0.8,0.06,0.5,0.1,"ph=80%, home HT lead rate 50% at home"
2023-08-21/2023-08-27,Bayern Munich vs Augsburg,Bundesliga,H,H,H,True,2-0,11.5,0.89,0.04,0.8,0.1,"ph=89%, home HT lead rate 80% at home"
2023-08-28/2023-09-03,Leverkusen vs Darmstadt,Bundesliga,H,D,H,False,1-1,10.4,0.81,0.07,0.6,0.0,"ph=81%, home HT lead rate 60% at home"
2023-09-11/2023-09-17,RB Leipzig vs Augsburg,Bundesliga,H,H,H,True,3-0,10.0,0.78,0.09,0.6,0.1,"ph=78%, home HT lead rate 60% at home"
2023-09-18/2023-09-24,Bayern Munich vs Bochum,Bundesliga,H,H,H,True,4-0,11.3,0.88,0.05,0.8,0.1,"ph=88%, home HT lead rate 80% at home"
2023-09-25/2023-10-01,Real Madrid vs Las Palmas,La_Liga,H,H,H,True,1-0,10.3,0.8,0.07,0.5,0.0,"ph=80%, home HT lead rate 50% at home"
2023-10-02/2023-10-08,RB Leipzig vs Bochum,Bundesliga,H,D,D,False,0-0,9.9,0.77,0.09,0.6,0.1,"ph=77%, home HT lead rate 60% at home"
2023-10-16/2023-10-22,Mainz vs Bayern Munich,Bundesliga,A,A,A,True,1-2,8.5,0.1,0.76,0.3,0.5,"pa=76%, away HT lead rate 50% away"
2023-10-23/2023-10-29,Bayern Munich vs Darmstadt,Bundesliga,H,D,H,False,0-0,11.7,0.9,0.04,0.8,0.0,"ph=90%, home HT lead rate 80% at home"
2023-10-30/2023-11-05,Man City vs Bournemouth,EPL,H,H,H,True,3-0,11.5,0.89,0.03,0.8,0.1,"ph=89%, home HT lead rate 80% at home"
2023-11-06/2023-11-12,Bayern Munich vs Heidenheim,Bundesliga,H,H,H,True,2-0,11.8,0.91,0.03,0.7,0.0,"ph=91%, home HT lead rate 70% at home"
2023-11-20/2023-11-26,FC Koln vs Bayern Munich,Bundesliga,A,A,A,True,0-1,8.6,0.09,0.77,0.2,0.6,"pa=77%, away HT lead rate 60% away"
2023-11-27/2023-12-03,Real Madrid vs Granada,La_Liga,H,H,H,True,1-0,10.7,0.83,0.07,0.5,0.0,"ph=83%, home HT lead rate 50% at home"
2023-12-04/2023-12-10,Ath Madrid vs Almeria,La_Liga,H,H,H,True,2-0,10.4,0.8,0.07,0.7,0.0,"ph=80%, home HT lead rate 70% at home"
2023-12-11/2023-12-17,Man City vs Crystal Palace,EPL,H,H,D,True,1-0,9.2,0.82,0.06,0.9,0.2,"ph=82%, home HT lead rate 90% at home"
2023-12-18/2023-12-24,Leverkusen vs Bochum,Bundesliga,H,H,H,True,3-0,10.5,0.81,0.07,0.7,0.0,"ph=81%, home HT lead rate 70% at home"
2023-12-25/2023-12-31,Man City vs Sheffield United,EPL,H,H,H,True,1-0,11.6,0.9,0.03,1.0,0.0,"ph=90%, home HT lead rate 100% at home"
2024-01-01/2024-01-07,Inter vs Verona,Serie_A,H,H,H,True,1-0,10.6,0.82,0.06,0.9,0.0,"ph=82%, home HT lead rate 90% at home"
2024-01-08/2024-01-14,Bayern Munich vs Hoffenheim,Bundesliga,H,H,H,True,1-0,9.4,0.84,0.06,0.7,0.5,"ph=84%, home HT lead rate 70% at home"
2024-01-15/2024-01-21,Bayern Munich vs Werder Bremen,Bundesliga,H,D,A,False,0-0,11.3,0.87,0.05,0.8,0.0,"ph=87%, home HT lead rate 80% at home"
2024-01-22/2024-01-28,Bayern Munich vs Union Berlin,Bundesliga,H,D,H,False,0-0,9.4,0.83,0.06,0.7,0.2,"ph=83%, home HT lead rate 70% at home"
2024-01-29/2024-02-04,Man City vs Burnley,EPL,H,H,H,True,2-0,9.8,0.87,0.05,1.0,0.3,"ph=87%, home HT lead rate 100% at home"
2024-02-05/2024-02-11,Man City vs Everton,EPL,H,D,H,False,0-0,10.4,0.8,0.07,1.0,0.1,"ph=80%, home HT lead rate 100% at home"
2024-02-12/2024-02-18,Inter vs Salernitana,Serie_A,H,H,H,True,3-0,9.4,0.84,0.06,0.9,0.2,"ph=84%, home HT lead rate 90% at home"
2024-02-19/2024-02-25,Leverkusen vs Mainz,Bundesliga,H,D,H,False,1-1,9.9,0.77,0.08,0.7,0.1,"ph=77%, home HT lead rate 70% at home"
2024-02-26/2024-03-03,Man City vs Man United,EPL,H,A,H,False,0-1,8.5,0.75,0.1,0.7,0.4,"ph=75%, home HT lead rate 70% at home"
2024-03-04/2024-03-10,RB Leipzig vs Darmstadt,Bundesliga,H,H,H,True,1-0,10.8,0.83,0.06,0.6,0.0,"ph=83%, home HT lead rate 60% at home"
2024-03-11/2024-03-17,Darmstadt vs Bayern Munich,Bundesliga,A,A,A,True,1-2,10.9,0.06,0.84,0.0,0.5,"pa=84%, away HT lead rate 50% away"
2024-03-25/2024-03-31,Leverkusen vs Hoffenheim,Bundesliga,H,A,H,False,0-1,8.9,0.79,0.08,0.7,0.4,"ph=79%, home HT lead rate 70% at home"
2024-04-01/2024-04-07,Arsenal vs Luton,EPL,H,H,H,True,2-0,9.8,0.87,0.05,0.5,0.4,"ph=87%, home HT lead rate 50% at home"
2024-04-08/2024-04-14,Inter vs Cagliari,Serie_A,H,H,D,True,1-0,10.5,0.81,0.07,1.0,0.1,"ph=81%, home HT lead rate 100% at home"
2024-04-15/2024-04-21,Ath Bilbao vs Granada,La_Liga,H,D,D,False,1-1,9.8,0.76,0.08,0.5,0.0,"ph=76%, home HT lead rate 50% at home"
2024-04-22/2024-04-28,Newcastle vs Sheffield United,EPL,H,D,H,False,1-1,6.9,0.77,0.09,0.4,0.2,"ph=77%, home HT lead rate 40% at home"
2024-04-29/2024-05-05,Man City vs Wolves,EPL,H,H,H,True,3-0,10.0,0.89,0.04,0.5,0.3,"ph=89%, home HT lead rate 50% at home"
2024-05-06/2024-05-12,RB Leipzig vs Werder Bremen,Bundesliga,H,A,D,False,0-1,8.3,0.74,0.11,0.7,0.1,"ph=74%, home HT lead rate 70% at home"
2024-05-13/2024-05-19,Arsenal vs Everton,EPL,H,D,H,False,1-1,10.6,0.82,0.06,0.5,0.0,"ph=82%, home HT lead rate 50% at home"
2024-05-20/2024-05-26,Milan vs Salernitana,Serie_A,H,H,D,True,2-0,10.5,0.82,0.07,0.5,0.1,"ph=82%, home HT lead rate 50% at home"
2024-08-12/2024-08-18,Arsenal vs Wolves,EPL,H,H,H,True,1-0,9.3,0.83,0.06,0.5,0.3,"ph=83%, home HT lead rate 50% at home"
2024-08-19/2024-08-25,Man City vs Ipswich,EPL,H,H,H,True,3-1,11.5,0.89,0.04,0.5,0.0,"ph=89%, home HT lead rate 50% at home"
2024-08-26/2024-09-01,West Ham vs Man City,EPL,A,A,A,True,1-2,7.9,0.13,0.7,0.3,0.6,"pa=70%, away HT lead rate 60% away"
2024-09-09/2024-09-15,Holstein Kiel vs Bayern Munich,Bundesliga,A,A,A,True,0-4,10.2,0.08,0.79,0.0,0.6,"pa=79%, away HT lead rate 60% away"
2024-09-16/2024-09-22,Werder Bremen vs Bayern Munich,Bundesliga,A,A,A,True,0-2,7.9,0.12,0.71,0.2,0.6,"pa=71%, away HT lead rate 60% away"
2024-09-23/2024-09-29,Arsenal vs Leicester,EPL,H,H,H,True,2-0,10.5,0.82,0.07,0.6,0.1,"ph=82%, home HT lead rate 60% at home"
2024-09-30/2024-10-06,Leverkusen vs Holstein Kiel,Bundesliga,H,H,D,True,2-1,11.5,0.89,0.04,0.5,0.0,"ph=89%, home HT lead rate 50% at home"
2024-10-14/2024-10-20,Wolves vs Man City,EPL,A,D,A,False,1-1,8.2,0.11,0.73,0.4,0.8,"pa=73%, away HT lead rate 80% away"
2024-10-21/2024-10-27,Stuttgart vs Holstein Kiel,Bundesliga,H,H,H,True,1-0,10.1,0.78,0.09,0.7,0.0,"ph=78%, home HT lead rate 70% at home"
2024-10-28/2024-11-03,Barcelona vs Espanol,La_Liga,H,H,H,True,3-0,9.7,0.87,0.05,0.6,0.2,"ph=87%, home HT lead rate 60% at home"
2024-11-04/2024-11-10,St Pauli vs Bayern Munich,Bundesliga,A,A,A,True,0-1,10.2,0.08,0.79,0.0,0.8,"pa=79%, away HT lead rate 80% away"
2024-11-18/2024-11-24,Leverkusen vs Heidenheim,Bundesliga,H,D,H,False,2-2,10.4,0.81,0.07,0.5,0.1,"ph=81%, home HT lead rate 50% at home"
2024-11-25/2024-12-01,Barcelona vs Las Palmas,La_Liga,H,D,A,False,0-0,10.7,0.83,0.07,0.6,0.1,"ph=83%, home HT lead rate 60% at home"
2024-12-02/2024-12-08,Inter vs Parma,Serie_A,H,H,H,True,1-0,9.2,0.82,0.07,0.5,0.2,"ph=82%, home HT lead rate 50% at home"
2024-12-09/2024-12-15,Barcelona vs Leganes,La_Liga,H,A,A,False,0-1,9.4,0.84,0.05,0.6,0.25,"ph=84%, home HT lead rate 60% at home"
2024-12-16/2024-12-22,Atalanta vs Empoli,Serie_A,H,H,H,True,2-1,8.4,0.75,0.09,0.6,0.5,"ph=75%, home HT lead rate 60% at home"
2024-12-23/2024-12-29,Liverpool vs Leicester,EPL,H,D,H,False,1-1,11.5,0.89,0.04,0.7,0.1,"ph=89%, home HT lead rate 70% at home"
2024-12-30/2025-01-05,Liverpool vs Man United,EPL,H,D,D,False,0-0,8.3,0.74,0.1,0.6,0.1,"ph=74%, home HT lead rate 60% at home"
2025-01-06/2025-01-12,Milan vs Cagliari,Serie_A,H,D,D,False,0-0,8.2,0.73,0.1,0.5,0.1,"ph=73%, home HT lead rate 50% at home"
2025-01-13/2025-01-19,Real Madrid vs Las Palmas,La_Liga,H,H,H,True,3-1,10.8,0.83,0.06,0.5,0.1,"ph=83%, home HT lead rate 50% at home"
2025-01-20/2025-01-26,Barcelona vs Valencia,La_Liga,H,H,H,True,5-0,10.1,0.79,0.08,0.7,0.1,"ph=79%, home HT lead rate 70% at home"
2025-01-27/2025-02-02,Bayern Munich vs Holstein Kiel,Bundesliga,H,H,H,True,2-0,11.9,0.92,0.02,0.7,0.11,"ph=92%, home HT lead rate 70% at home"
2025-02-03/2025-02-09,Bayern Munich vs Werder Bremen,Bundesliga,H,D,H,False,0-0,11.3,0.88,0.05,0.7,0.1,"ph=88%, home HT lead rate 70% at home"
2025-02-10/2025-02-16,Liverpool vs Wolves,EPL,H,H,H,True,2-0,9.1,0.81,0.08,0.5,0.2,"ph=81%, home HT lead rate 50% at home"
2025-02-17/2025-02-23,Ath Bilbao vs Valladolid,La_Liga,H,H,H,True,4-0,10.5,0.82,0.05,0.6,0.0,"ph=82%, home HT lead rate 60% at home"
2025-02-24/2025-03-02,Chelsea vs Southampton,EPL,H,H,H,True,3-0,10.7,0.83,0.07,0.5,0.1,"ph=83%, home HT lead rate 50% at home"
2025-03-03/2025-03-09,Liverpool vs Southampton,EPL,H,A,H,False,0-1,11.1,0.86,0.05,0.6,0.1,"ph=86%, home HT lead rate 60% at home"
2025-03-10/2025-03-16,Union Berlin vs Bayern Munich,Bundesliga,A,D,D,False,0-0,6.4,0.11,0.71,0.3,0.4,"pa=71%, away HT lead rate 40% away"
2025-03-24/2025-03-30,Bayern Munich vs St Pauli,Bundesliga,H,D,H,False,1-1,9.4,0.84,0.06,0.8,0.4,"ph=84%, home HT lead rate 80% at home"
2025-03-31/2025-04-06,Man City vs Leicester,EPL,H,H,H,True,2-0,10.3,0.8,0.08,0.6,0.0,"ph=80%, home HT lead rate 60% at home"
2025-04-07/2025-04-13,Chelsea vs Ipswich,EPL,H,A,D,False,0-2,8.6,0.77,0.09,0.5,0.4,"ph=77%, home HT lead rate 50% at home"
2025-04-14/2025-04-20,Monza vs Napoli,Serie_A,A,D,A,False,0-0,9.8,0.07,0.76,0.1,0.6,"pa=76%, away HT lead rate 60% away"
2025-04-21/2025-04-27,Barcelona vs Mallorca,La_Liga,H,D,H,False,0-0,10.1,0.78,0.08,0.6,0.1,"ph=78%, home HT lead rate 60% at home"
2025-04-28/2025-05-04,Real Madrid vs Celta,La_Liga,H,H,H,True,2-0,7.9,0.7,0.13,0.6,0.0,"ph=70%, home HT lead rate 60% at home"
2025-05-05/2025-05-11,Bayern Munich vs M'gladbach,Bundesliga,H,H,H,True,1-0,9.3,0.83,0.08,0.7,0.5,"ph=83%, home HT lead rate 70% at home"
2025-05-12/2025-05-18,Dortmund vs Holstein Kiel,Bundesliga,H,H,H,True,1-0,9.9,0.88,0.05,0.6,0.5,"ph=88%, home HT lead rate 60% at home"
2025-05-19/2025-05-25,Napoli vs Cagliari,Serie_A,H,H,H,True,1-0,9.0,0.8,0.06,0.5,0.2,"ph=80%, home HT lead rate 50% at home"
2025-08-11/2025-08-17,Villarreal vs Oviedo,La_Liga,H,H,H,True,2-0,7.7,0.69,0.11,0.6,0.0,"ph=69%, home HT lead rate 60% at home"
2025-08-18/2025-08-24,Real Madrid vs Osasuna,La_Liga,H,D,H,False,0-0,10.1,0.78,0.08,0.5,0.1,"ph=78%, home HT lead rate 50% at home"
2025-08-25/2025-08-31,Inter vs Udinese,Serie_A,H,A,A,False,1-2,8.2,0.73,0.1,0.5,0.1,"ph=73%, home HT lead rate 50% at home"
2025-09-08/2025-09-14,Bayern Munich vs Hamburg,Bundesliga,H,H,H,True,4-0,11.6,0.9,0.03,0.7,0.0,"ph=90%, home HT lead rate 70% at home"
2025-09-15/2025-09-21,Barcelona vs Getafe,La_Liga,H,H,H,True,2-0,10.0,0.78,0.07,0.7,0.1,"ph=78%, home HT lead rate 70% at home"
2025-09-22/2025-09-28,Bayern Munich vs Werder Bremen,Bundesliga,H,H,H,True,2-0,9.9,0.89,0.04,0.7,0.5,"ph=89%, home HT lead rate 70% at home"
2025-09-29/2025-10-05,Inter vs Cremonese,Serie_A,H,H,H,True,2-0,10.2,0.79,0.08,0.6,0.0,"ph=79%, home HT lead rate 60% at home"
2025-10-13/2025-10-19,Barcelona vs Girona,La_Liga,H,D,H,False,1-1,9.3,0.83,0.06,0.6,0.2,"ph=83%, home HT lead rate 60% at home"
2025-10-20/2025-10-26,M'gladbach vs Bayern Munich,Bundesliga,A,D,A,False,0-0,10.1,0.08,0.78,0.1,0.5,"pa=78%, away HT lead rate 50% away"
2025-10-27/2025-11-02,Barcelona vs Elche,La_Liga,H,H,H,True,2-1,9.8,0.76,0.07,0.5,0.0,"ph=76%, home HT lead rate 50% at home"
2025-11-03/2025-11-09,Union Berlin vs Bayern Munich,Bundesliga,A,D,D,False,1-1,8.9,0.08,0.79,0.2,0.5,"pa=79%, away HT lead rate 50% away"
2025-11-17/2025-11-23,Bayern Munich vs Freiburg,Bundesliga,H,D,H,False,2-2,10.4,0.81,0.06,0.8,0.1,"ph=81%, home HT lead rate 80% at home"
2025-11-24/2025-11-30,Barcelona vs Alaves,La_Liga,H,H,H,True,2-1,10.4,0.8,0.07,0.6,0.1,"ph=80%, home HT lead rate 60% at home"
2025-12-01/2025-12-07,Man City vs Sunderland,EPL,H,H,H,True,2-0,9.9,0.77,0.09,0.6,0.14,"ph=77%, home HT lead rate 60% at home"
2025-12-08/2025-12-14,Arsenal vs Wolves,EPL,H,D,H,False,0-0,10.9,0.84,0.05,0.8,0.0,"ph=84%, home HT lead rate 80% at home"
2025-12-15/2025-12-21,Heidenheim vs Bayern Munich,Bundesliga,A,A,A,True,0-2,11.0,0.06,0.85,0.1,0.6,"pa=85%, away HT lead rate 60% away"
2025-12-22/2025-12-28,Liverpool vs Wolves,EPL,H,H,H,True,2-0,10.1,0.78,0.08,0.5,0.0,"ph=78%, home HT lead rate 50% at home"
2025-12-29/2026-01-04,Man United vs Wolves,EPL,H,D,D,False,1-1,7.9,0.7,0.12,0.6,0.0,"ph=70%, home HT lead rate 60% at home"
2026-01-05/2026-01-11,Bayern Munich vs Wolfsburg,Bundesliga,H,H,H,True,2-1,9.8,0.87,0.05,0.7,0.3,"ph=87%, home HT lead rate 70% at home"
2026-01-12/2026-01-18,Inter vs Lecce,Serie_A,H,D,H,False,0-0,9.5,0.85,0.05,0.6,0.4,"ph=85%, home HT lead rate 60% at home"
