week,skipped,leg1_match,leg1_pick,leg1_odds,leg1_actual,leg1_correct,leg1_confidence,leg1_why,leg2_match,leg2_pick,leg2_odds,leg2_actual,leg2_correct,leg2_confidence,leg2_why,accum_legs,accum_combo_odds,accum_won,draw_match,draw_odds,draw_actual,draw_correct,draw_conf,draw_why,leg3_match,leg3_pick,leg3_odds,leg3_actual,leg3_correct,leg3_confidence,leg3_why
2020-11-30/2020-12-06,False,Crotone vs Napoli,Away Win,1.36,A,True,10.9,Pinnacle gives away 72% win prob | away team clearly stronger: 9pts vs 1pts in last 5 | venue form gap: -8 (home-at-home vs away-at-away) | home on 2-game losing streak,Ath Madrid vs Valladolid,Home Win,1.39,H,True,10.0,Pinnacle gives home 69% win prob | clear form advantage: 15pts vs 7pts in last 5 | venue form gap: +9 (home-at-home vs away-at-away) | home on 6-game win streak,2,1.89,True,Levante vs Getafe,3.18,H,False,16.8,"Pinnacle draw 31% | gap=+2pts | home DR 50%, away DR 40%",,,,,,,
2020-12-14/2020-12-20,False,Inter vs Spezia,Home Win,1.25,H,True,21.0,"Pinnacle gives home 78% win prob | dominant form gap: 15pts vs 3pts in last 5 (historic 87% accuracy) | MISMATCH: home on 15pts, away on 3pts — best config (90%+ historic) | attacking mismatch: home scores 2.8/game, opp concedes 2.0/game | venue form gap: +5 (home-at-home vs away-at-away) | home on 5-game win streak",Genoa vs Milan,Away Win,1.43,D,False,13.1,Pinnacle gives away 68% win prob | dominant away form gap: 11pts vs 1pts in last 5 (historic 87%) | away attack 2.2/game vs leaky home defence 2.0 conceded/game | venue form gap: -15 (home-at-home vs away-at-away),2,1.79,False,Levante vs Sociedad,3.4,H,False,13.9,"Pinnacle draw 29% | gap=+0pts | home DR 50%, away DR 30%",,,,,,,
2020-12-28/2021-01-03,False,Inter vs Crotone,Home Win,1.23,H,True,17.0,"Pinnacle gives home 79% win prob | clear form advantage: 15pts vs 7pts in last 5 | attacking mismatch: home scores 2.2/game, opp concedes 1.8/game | venue form gap: +11 (home-at-home vs away-at-away) | home on 7-game win streak",Bayern Munich vs Mainz,Home Win,1.11,H,True,12.3,Pinnacle gives home 87% win prob | dominant form gap: 11pts vs 2pts in last 5 (historic 87% accuracy) | venue form gap: +7 (home-at-home vs away-at-away) | home on 2-game win streak,3,1.75,False,Parma vs Torino,3.24,A,False,18.3,"Pinnacle draw 30% | gap=+1pts | home DR 60%, away DR 40%",Barcelona vs Eibar,Home Win,1.28,D,False,10.4,Pinnacle gives home 75% win prob | venue form gap: +5 (home-at-home vs away-at-away) | away on 2-game losing streak
2021-01-04/2021-01-10,False,Sampdoria vs Inter,Away Win,1.61,H,False,14.2,Pinnacle gives away 61% win prob | dominant away form gap: 15pts vs 6pts in last 5 (historic 87%) | away attack 2.8/game vs leaky home defence 1.6 conceded/game | venue form gap: -9 (home-at-home vs away-at-away) | away on 8-game win streak | home on 2-game losing streak,Atalanta vs Parma,Home Win,1.27,H,True,12.6,"Pinnacle gives home 76% win prob | dominant form gap: 11pts vs 2pts in last 5 (historic 87% accuracy) | attacking mismatch: home scores 3.0/game, opp concedes 2.2/game | venue form gap: +5 (home-at-home vs away-at-away) | away on 3-game losing streak",3,3.27,False,Cadiz vs Alaves,2.95,H,False,17.5,"Pinnacle draw 33% | gap=-2pts | home DR 30%, away DR 50%",M'gladbach vs Bayern Munich,Away Win,1.6,H,False,11.0,Pinnacle gives away 61% win prob | away attack 2.6/game vs leaky home defence 1.6 conceded/game | venue form gap: -5 (home-at-home vs away-at-away) | away on 3-game win streak
2021-01-11/2021-01-17,False,Atalanta vs Genoa,Home Win,1.24,D,False,12.9,Pinnacle gives home 78% win prob | clear form advantage: 13pts vs 7pts in last 5 | venue form gap: +8 (home-at-home vs away-at-away) | home on 3-game win streak,Ein Frankfurt vs Schalke 04,Home Win,1.53,H,True,11.5,"Pinnacle gives home 64% win prob | clear form advantage: 10pts vs 4pts in last 5 | attacking mismatch: home scores 2.0/game, opp concedes 1.6/game | venue form gap: +5 (home-at-home vs away-at-away) | home on 3-game win streak",2,1.9,False,Elche vs Getafe,2.86,A,False,22.6,"Pinnacle draw 34% | gap=-2pts | home DR 60%, away DR 40%",,,,,,,
2021-01-25/2021-01-31,False,Barcelona vs Ath Bilbao,Home Win,1.42,H,True,11.1,Pinnacle gives home 67% win prob | clear form advantage: 13pts vs 7pts in last 5 | venue form gap: +8 (home-at-home vs away-at-away) | home on 4-game win streak,Napoli vs Parma,Home Win,1.31,H,True,10.7,"Pinnacle gives home 74% win prob | clear form advantage: 9pts vs 1pts in last 5 | attacking mismatch: home scores 2.8/game, opp concedes 2.2/game | venue form gap: +5 (home-at-home vs away-at-away)",2,1.86,True,Villarreal vs Sociedad,3.22,D,True,18.4,"Pinnacle draw 30% | gap=+3pts | home DR 60%, away DR 50%",,,,,,,
2021-02-15/2021-02-21,False,Barcelona vs Cadiz,Home Win,1.17,D,False,30.0,"Pinnacle gives home 83% win prob | dominant form gap: 15pts vs 1pts in last 5 (historic 87% accuracy) | MISMATCH: home on 15pts, away on 1pts — best config (90%+ historic) | attacking mismatch: home scores 3.2/game, opp concedes 3.4/game | venue form gap: +10 (home-at-home vs away-at-away) | home on 7-game win streak | away on 4-game losing streak",Bayern Munich vs Bielefeld,Home Win,1.17,D,False,19.4,"Pinnacle gives home 83% win prob | clear form advantage: 15pts vs 7pts in last 5 | attacking mismatch: home scores 2.4/game, opp concedes 1.6/game | venue form gap: +9 (home-at-home vs away-at-away) | home on 5-game win streak | away on 2-game losing streak",3,2.2,False,Elche vs Eibar,3.31,H,False,12.5,"Pinnacle draw 30% | gap=+0pts | home DR 40%, away DR 30%",Valladolid vs Real Madrid,Away Win,1.61,A,True,17.4,Pinnacle gives away 61% win prob | dominant away form gap: 12pts vs 3pts in last 5 (historic 87%) | away attack 2.2/game vs leaky home defence 1.8 conceded/game | venue form gap: -7 (home-at-home vs away-at-away) | away on 3-game win streak
2021-03-01/2021-03-07,False,Parma vs Inter,Away Win,1.3,A,True,21.7,Pinnacle gives away 75% win prob | dominant away form gap: 15pts vs 2pts in last 5 (historic 87%) | away attack 3.0/game vs leaky home defence 2.2 conceded/game | venue form gap: -7 (home-at-home vs away-at-away) | away on 5-game win streak,Atalanta vs Crotone,Home Win,1.19,H,True,18.6,"Pinnacle gives home 82% win prob | dominant form gap: 10pts vs 0pts in last 5 (historic 87% accuracy) | attacking mismatch: home scores 2.2/game, opp concedes 2.8/game | venue form gap: +8 (home-at-home vs away-at-away) | home on 3-game win streak | away on 6-game losing streak",2,1.55,True,Cadiz vs Eibar,3.28,H,False,13.1,"Pinnacle draw 30% | gap=-1pts | home DR 40%, away DR 40%",,,,,,,
2021-03-29/2021-04-04,False,Napoli vs Crotone,Home Win,1.23,H,True,32.7,"Pinnacle gives home 79% win prob | dominant form gap: 13pts vs 3pts in last 5 (historic 87% accuracy) | MISMATCH: home on 13pts, away on 3pts — best config (90%+ historic) | attacking mismatch: home scores 2.2/game, opp concedes 3.0/game | venue form gap: +15 (home-at-home vs away-at-away) | home on 3-game win streak | away on 2-game losing streak",Real Madrid vs Eibar,Home Win,1.36,H,True,10.4,Pinnacle gives home 71% win prob | dominant form gap: 11pts vs 2pts in last 5 (historic 87% accuracy) | venue form gap: +8 (home-at-home vs away-at-away) | home on 2-game win streak,2,1.67,True,Osasuna vs Getafe,2.81,D,True,15.2,"Pinnacle draw 35% | gap=+0pts | home DR 30%, away DR 30%",,,,,,,
2021-04-05/2021-04-11,False,Inter vs Cagliari,Home Win,1.26,H,True,15.9,Pinnacle gives home 77% win prob | dominant form gap: 15pts vs 4pts in last 5 (historic 87% accuracy) | venue form gap: +11 (home-at-home vs away-at-away) | home on 10-game win streak | away on 3-game losing streak,Barcelona vs Valladolid,Home Win,1.13,H,True,14.6,Pinnacle gives home 86% win prob | dominant form gap: 15pts vs 6pts in last 5 (historic 87% accuracy) | venue form gap: +9 (home-at-home vs away-at-away) | home on 5-game win streak,3,2.14,False,Sociedad vs Ath Bilbao,3.22,D,True,13.4,"Pinnacle draw 30% | gap=+1pts | home DR 30%, away DR 50%",Bayern Munich vs Union Berlin,Home Win,1.5,D,False,13.3,"Pinnacle gives home 65% win prob | dominant form gap: 15pts vs 6pts in last 5 (historic 87% accuracy) | attacking mismatch: home scores 3.4/game, opp concedes 1.6/game | venue form gap: +9 (home-at-home vs away-at-away) | home on 5-game win streak"
2021-04-12/2021-04-18,False,Getafe vs Real Madrid,Away Win,1.67,D,False,14.4,Pinnacle gives away 58% win prob | dominant away form gap: 13pts vs 3pts in last 5 (historic 87%) | venue form gap: -8 (home-at-home vs away-at-away) | away on 4-game win streak,Lazio vs Benevento,Home Win,1.43,H,True,12.0,Pinnacle gives home 68% win prob | clear form advantage: 12pts vs 5pts in last 5 | venue form gap: +10 (home-at-home vs away-at-away) | home on 4-game win streak,2,2.39,False,Sampdoria vs Verona,3.36,H,False,9.6,"Pinnacle draw 29% | gap=+2pts | home DR 40%, away DR 20%",,,,,,,
2021-05-10/2021-05-16,False,Lazio vs Parma,Home Win,1.22,H,True,16.6,"Pinnacle gives home 79% win prob | dominant form gap: 9pts vs 0pts in last 5 (historic 87% accuracy) | attacking mismatch: home scores 2.8/game, opp concedes 3.4/game | venue form gap: +13 (home-at-home vs away-at-away) | away on 6-game losing streak",Atalanta vs Benevento,Home Win,1.18,H,True,15.9,"Pinnacle gives home 82% win prob | dominant form gap: 11pts vs 1pts in last 5 (historic 87% accuracy) | attacking mismatch: home scores 2.6/game, opp concedes 3.2/game | venue form gap: +10 (home-at-home vs away-at-away) | away on 3-game losing streak",2,1.44,True,Spezia vs Torino,3.03,H,False,12.7,"Pinnacle draw 32% | gap=-2pts | home DR 30%, away DR 30%",,,,,,,
2021-08-09/2021-08-15,False,Dortmund vs Ein Frankfurt,Home Win,1.45,H,True,13.3,"Pinnacle gives home 67% win prob | clear form advantage: 15pts vs 7pts in last 5 | attacking mismatch: home scores 2.6/game, opp concedes 1.8/game | venue form gap: +8 (home-at-home vs away-at-away) | home on 7-game win streak",Sevilla vs Vallecano,Home Win,1.44,H,True,10.0,Pinnacle gives home 68% win prob | clear form advantage: 7pts vs 0pts in last 5 | venue form gap: +12 (home-at-home vs away-at-away),2,2.09,True,Valencia vs Getafe,3.03,H,False,13.6,"Pinnacle draw 32% | gap=+3pts | home DR 40%, away DR 30%",,,,,,,
2021-08-16/2021-08-22,False,Udinese vs Juventus,Away Win,1.49,D,False,23.0,Pinnacle gives away 65% win prob | dominant away form gap: 12pts vs 1pts in last 5 (historic 87%) | away attack 2.4/game vs leaky home defence 2.8 conceded/game | venue form gap: -9 (home-at-home vs away-at-away) | away on 3-game win streak | home on 3-game losing streak,Ath Madrid vs Elche,Home Win,1.22,H,True,14.4,Pinnacle gives home 80% win prob | clear form advantage: 13pts vs 7pts in last 5 | venue form gap: +11 (home-at-home vs away-at-away) | home on 4-game win streak,3,3.05,False,Elche vs Ath Bilbao,3.36,D,True,11.2,"Pinnacle draw 29% | gap=+2pts | home DR 20%, away DR 50%",Levante vs Real Madrid,Away Win,1.68,D,False,12.5,Pinnacle gives away 58% win prob | dominant away form gap: 13pts vs 4pts in last 5 (historic 87%) | away attack 2.6/game vs leaky home defence 2.0 conceded/game | venue form gap: -11 (home-at-home vs away-at-away) | away on 4-game win streak
2021-09-20/2021-09-26,False,Greuther Furth vs Bayern Munich,Away Win,1.11,A,True,29.2,Pinnacle gives away 88% win prob | dominant away form gap: 13pts vs 1pts in last 5 (historic 87%) | away attack 4.0/game vs leaky home defence 2.6 conceded/game | venue form gap: -7 (home-at-home vs away-at-away) | away on 4-game win streak | home on 3-game losing streak,Napoli vs Cagliari,Home Win,1.27,H,True,20.7,"Pinnacle gives home 77% win prob | dominant form gap: 15pts vs 2pts in last 5 (historic 87% accuracy) | MISMATCH: home on 15pts, away on 2pts — best config (90%+ historic) | attacking mismatch: home scores 2.8/game, opp concedes 2.6/game | venue form gap: +5 (home-at-home vs away-at-away) | home on 5-game win streak",3,1.76,True,Osasuna vs Betis,3.38,A,False,12.7,"Pinnacle draw 29% | gap=+2pts | home DR 30%, away DR 50%",Milan vs Venezia,Home Win,1.25,H,True,17.8,"Pinnacle gives home 77% win prob | dominant form gap: 13pts vs 3pts in last 5 (historic 87% accuracy) | MISMATCH: home on 13pts, away on 3pts — best config (90%+ historic) | attacking mismatch: home scores 2.0/game, opp concedes 2.0/game | venue form gap: +7 (home-at-home vs away-at-away)"
2021-10-18/2021-10-24,False,RB Leipzig vs Greuther Furth,Home Win,1.14,H,True,16.5,"Pinnacle gives home 86% win prob | clear form advantage: 8pts vs 0pts in last 5 | attacking mismatch: home scores 2.4/game, opp concedes 2.2/game | venue form gap: +10 (home-at-home vs away-at-away) | away on 6-game losing streak",Sevilla vs Levante,Home Win,1.46,H,True,10.2,Pinnacle gives home 67% win prob | clear form advantage: 10pts vs 2pts in last 5 | venue form gap: +13 (home-at-home vs away-at-away),2,1.66,True,Ath Bilbao vs Villarreal,3.24,H,False,16.4,"Pinnacle draw 30% | gap=+0pts | home DR 40%, away DR 50%",,,,,,,
2021-10-25/2021-10-31,False,Newcastle vs Chelsea,Away Win,1.4,A,True,20.7,Pinnacle gives away 70% win prob | dominant away form gap: 12pts vs 3pts in last 5 (historic 87%) | away attack 2.8/game vs leaky home defence 1.6 conceded/game | venue form gap: -8 (home-at-home vs away-at-away) | away on 3-game win streak,Dortmund vs FC Koln,Home Win,1.52,H,True,14.3,"Pinnacle gives home 64% win prob | clear form advantage: 12pts vs 6pts in last 5 | attacking mismatch: home scores 2.4/game, opp concedes 2.0/game | venue form gap: +12 (home-at-home vs away-at-away) | home on 3-game win streak",3,2.45,False,Granada vs Getafe,2.88,D,True,15.7,"Pinnacle draw 34% | gap=+3pts | home DR 50%, away DR 20%",Man City vs Crystal Palace,Home Win,1.15,A,False,12.3,Pinnacle gives home 85% win prob | clear form advantage: 11pts vs 4pts in last 5 | venue form gap: +8 (home-at-home vs away-at-away) | home on 2-game win streak
2021-11-15/2021-11-21,False,Augsburg vs Bayern Munich,Away Win,1.2,H,False,15.1,Pinnacle gives away 81% win prob | away team clearly stronger: 12pts vs 4pts in last 5 | away attack 3.4/game vs leaky home defence 1.8 conceded/game | venue form gap: -6 (home-at-home vs away-at-away) | away on 4-game win streak,Dortmund vs Stuttgart,Home Win,1.37,H,True,14.6,"Pinnacle gives home 71% win prob | clear form advantage: 12pts vs 5pts in last 5 | attacking mismatch: home scores 2.2/game, opp concedes 1.6/game | venue form gap: +12 (home-at-home vs away-at-away) | away on 2-game losing streak",2,1.64,False,Burnley vs Crystal Palace,3.29,D,True,16.4,"Pinnacle draw 30% | gap=-3pts | home DR 50%, away DR 60%",,,,,,,
2021-11-29/2021-12-05,False,Watford vs Man City,Away Win,1.21,A,True,23.6,Pinnacle gives away 80% win prob | dominant away form gap: 12pts vs 3pts in last 5 (historic 87%) | venue form gap: -9 (home-at-home vs away-at-away) | away on 4-game win streak | home on 2-game losing streak,Inter vs Spezia,Home Win,1.19,H,True,13.9,"Pinnacle gives home 81% win prob | dominant form gap: 13pts vs 4pts in last 5 (historic 87% accuracy) | attacking mismatch: home scores 2.0/game, opp concedes 2.0/game | venue form gap: +8 (home-at-home vs away-at-away) | home on 2-game win streak | away on 2-game losing streak",3,2.0,True,Southampton vs Brighton,3.25,D,True,18.2,"Pinnacle draw 30% | gap=+3pts | home DR 30%, away DR 70%",Aston Villa vs Man City,Away Win,1.39,A,True,13.0,Pinnacle gives away 70% win prob | away team clearly stronger: 12pts vs 6pts in last 5 | away attack 2.2/game vs leaky home defence 1.8 conceded/game | venue form gap: -6 (home-at-home vs away-at-away) | away on 3-game win streak
2021-12-06/2021-12-12,False,Fiorentina vs Salernitana,Home Win,1.34,H,True,14.6,"Pinnacle gives home 73% win prob | clear form advantage: 9pts vs 1pts in last 5 | attacking mismatch: home scores 2.2/game, opp concedes 2.0/game | venue form gap: +8 (home-at-home vs away-at-away) | home on 2-game win streak | away on 2-game losing streak",Inter vs Cagliari,Home Win,1.18,H,True,14.0,Pinnacle gives home 82% win prob | dominant form gap: 13pts vs 4pts in last 5 (historic 87% accuracy) | venue form gap: +9 (home-at-home vs away-at-away) | home on 4-game win streak,2,1.58,True,Mallorca vs Celta,3.0,D,True,17.2,"Pinnacle draw 33% | gap=+0pts | home DR 50%, away DR 30%",,,,,,,
2021-12-13/2021-12-19,False,Bayern Munich vs Wolfsburg,Home Win,1.2,H,True,27.6,"Pinnacle gives home 81% win prob | dominant form gap: 12pts vs 1pts in last 5 (historic 87% accuracy) | MISMATCH: home on 12pts, away on 1pts — best config (90%+ historic) | attacking mismatch: home scores 2.4/game, opp concedes 2.6/game | venue form gap: +8 (home-at-home vs away-at-away) | home on 4-game win streak | away on 4-game losing streak",Salernitana vs Inter,Away Win,1.17,A,True,27.5,Pinnacle gives away 83% win prob | dominant away form gap: 15pts vs 1pts in last 5 (historic 87%) | away attack 2.8/game vs leaky home defence 2.2 conceded/game | venue form gap: -7 (home-at-home vs away-at-away) | away on 5-game win streak | home on 3-game losing streak,3,1.66,True,Getafe vs Osasuna,2.95,H,False,24.1,"Pinnacle draw 33% | gap=+3pts | home DR 60%, away DR 50%",Newcastle vs Man City,Away Win,1.18,A,True,18.5,Pinnacle gives away 81% win prob | dominant away form gap: 15pts vs 4pts in last 5 (historic 87%) | away attack 3.0/game vs leaky home defence 2.0 conceded/game | venue form gap: -8 (home-at-home vs away-at-away) | away on 7-game win streak | home on 2-game losing streak
2021-12-20/2021-12-26,False,Man City vs Leicester,Home Win,1.19,H,True,15.0,"Pinnacle gives home 81% win prob | clear form advantage: 15pts vs 7pts in last 5 | attacking mismatch: home scores 3.4/game, opp concedes 1.8/game | venue form gap: +6 (home-at-home vs away-at-away) | home on 8-game win streak",Juventus vs Cagliari,Home Win,1.19,H,True,12.0,Pinnacle gives home 81% win prob | clear form advantage: 10pts vs 3pts in last 5 | venue form gap: +7 (home-at-home vs away-at-away) | away on 2-game losing streak,3,1.9,True,Sevilla vs Barcelona,3.29,D,True,8.2,"Pinnacle draw 30% | gap=+0pts | home DR 20%, away DR 30%",Inter vs Torino,Home Win,1.34,H,True,11.4,Pinnacle gives home 73% win prob | clear form advantage: 15pts vs 8pts in last 5 | venue form gap: +12 (home-at-home vs away-at-away) | home on 6-game win streak
2022-01-03/2022-01-09,False,Bayern Munich vs M'gladbach,Home Win,1.37,A,False,24.3,"Pinnacle gives home 71% win prob | dominant form gap: 15pts vs 1pts in last 5 (historic 87% accuracy) | MISMATCH: home on 15pts, away on 1pts — best config (90%+ historic) | attacking mismatch: home scores 3.0/game, opp concedes 3.6/game | venue form gap: +13 (home-at-home vs away-at-away) | home on 5-game win streak",Villarreal vs Levante,Home Win,1.44,H,True,16.2,"Pinnacle gives home 67% win prob | clear form advantage: 9pts vs 2pts in last 5 | attacking mismatch: home scores 2.2/game, opp concedes 2.2/game | venue form gap: +10 (home-at-home vs away-at-away) | home on 3-game win streak | away on 2-game losing streak",3,2.84,False,Osasuna vs Ath Bilbao,2.96,A,False,21.6,"Pinnacle draw 33% | gap=-2pts | home DR 50%, away DR 50%",Inter vs Lazio,Home Win,1.44,H,True,11.3,"Pinnacle gives home 67% win prob | attacking mismatch: home scores 3.0/game, opp concedes 1.6/game | venue form gap: +8 (home-at-home vs away-at-away) | home on 7-game win streak"
2022-01-17/2022-01-23,False,Arsenal vs Burnley,Home Win,1.36,D,False,17.1,"Pinnacle gives home 71% win prob | dominant form gap: 12pts vs 2pts in last 5 (historic 87% accuracy) | MISMATCH: home on 12pts, away on 2pts — best config (90%+ historic) | venue form gap: +10 (home-at-home vs away-at-away) | away on 2-game losing streak",Southampton vs Man City,Away Win,1.27,D,False,14.0,Pinnacle gives away 75% win prob | away team clearly stronger: 15pts vs 8pts in last 5 | away attack 2.8/game vs leaky home defence 1.8 conceded/game | venue form gap: -6 (home-at-home vs away-at-away) | away on 12-game win streak,2,1.73,False,Vallecano vs Ath Bilbao,2.8,A,False,18.3,"Pinnacle draw 35% | gap=+0pts | home DR 30%, away DR 50%",,,,,,,
2022-02-14/2022-02-20,False,Liverpool vs Norwich,Home Win,1.13,H,True,18.7,"Pinnacle gives home 87% win prob | clear form advantage: 13pts vs 7pts in last 5 | attacking mismatch: home scores 2.2/game, opp concedes 1.6/game | venue form gap: +11 (home-at-home vs away-at-away) | home on 4-game win streak",Ath Madrid vs Levante,Home Win,1.32,A,False,15.1,"Pinnacle gives home 74% win prob | clear form advantage: 10pts vs 3pts in last 5 | attacking mismatch: home scores 2.6/game, opp concedes 2.8/game | venue form gap: +12 (home-at-home vs away-at-away) | away on 3-game losing streak",3,2.03,False,Cadiz vs Getafe,2.95,D,True,15.9,"Pinnacle draw 33% | gap=-2pts | home DR 40%, away DR 40%",Salernitana vs Milan,Away Win,1.36,D,False,11.7,Pinnacle gives away 72% win prob | venue form gap: -12 (home-at-home vs away-at-away) | away on 2-game win streak
2022-02-28/2022-03-06,False,Liverpool vs West Ham,Home Win,1.3,H,True,10.5,Pinnacle gives home 75% win prob | clear form advantage: 15pts vs 8pts in last 5 | venue form gap: +8 (home-at-home vs away-at-away) | home on 6-game win streak,Watford vs Arsenal,Away Win,1.62,A,True,10.2,Pinnacle gives away 60% win prob | away team clearly stronger: 10pts vs 4pts in last 5 | venue form gap: -9 (home-at-home vs away-at-away) | away on 3-game win streak,2,2.11,True,Bielefeld vs Augsburg,3.22,A,False,11.7,"Pinnacle draw 30% | gap=+3pts | home DR 30%, away DR 40%",,,,,,,
2022-03-07/2022-03-13,False,Norwich vs Chelsea,Away Win,1.28,A,True,13.6,Pinnacle gives away 76% win prob | dominant away form gap: 10pts vs 1pts in last 5 (historic 87%) | venue form gap: -6 (home-at-home vs away-at-away) | away on 3-game win streak | home on 4-game losing streak,Ath Madrid vs Cadiz,Home Win,1.39,H,True,11.2,Pinnacle gives home 70% win prob | clear form advantage: 12pts vs 6pts in last 5 | venue form gap: +7 (home-at-home vs away-at-away) | home on 3-game win streak,3,2.4,True,Udinese vs Roma,3.42,D,True,12.6,"Pinnacle draw 29% | gap=-1pts | home DR 40%, away DR 40%",Barcelona vs Osasuna,Home Win,1.35,H,True,11.2,Pinnacle gives home 72% win prob | clear form advantage: 13pts vs 7pts in last 5 | venue form gap: +6 (home-at-home vs away-at-away) | home on 3-game win streak
2022-03-28/2022-04-03,False,Ath Madrid vs Alaves,Home Win,1.38,H,True,26.3,"Pinnacle gives home 71% win prob | dominant form gap: 15pts vs 2pts in last 5 (historic 87% accuracy) | MISMATCH: home on 15pts, away on 2pts — best config (90%+ historic) | attacking mismatch: home scores 2.2/game, opp concedes 1.8/game | venue form gap: +11 (home-at-home vs away-at-away) | home on 5-game win streak | away on 2-game losing streak",Liverpool vs Watford,Home Win,1.13,H,True,17.0,"Pinnacle gives home 86% win prob | dominant form gap: 15pts vs 4pts in last 5 (historic 87% accuracy) | attacking mismatch: home scores 2.8/game, opp concedes 2.4/game | venue form gap: +8 (home-at-home vs away-at-away) | home on 9-game win streak",3,1.92,True,Valencia vs Cadiz,3.36,D,True,11.2,"Pinnacle draw 29% | gap=+2pts | home DR 30%, away DR 40%",Burnley vs Man City,Away Win,1.23,A,True,13.9,Pinnacle gives away 79% win prob | away team clearly stronger: 10pts vs 4pts in last 5 | away attack 2.2/game vs leaky home defence 1.8 conceded/game | venue form gap: -7 (home-at-home vs away-at-away) | home on 3-game losing streak
2022-04-04/2022-04-10,False,Roma vs Salernitana,Home Win,1.29,H,True,18.3,"Pinnacle gives home 76% win prob | dominant form gap: 13pts vs 2pts in last 5 (historic 87% accuracy) | MISMATCH: home on 13pts, away on 2pts — best config (90%+ historic) | venue form gap: +7 (home-at-home vs away-at-away) | home on 2-game win streak | away on 2-game losing streak",Milan vs Bologna,Home Win,1.39,D,False,12.9,Pinnacle gives home 70% win prob | clear form advantage: 11pts vs 5pts in last 5 | venue form gap: +7 (home-at-home vs away-at-away) | home on 3-game win streak | away on 2-game losing streak,3,2.62,False,Espanol vs Celta,3.14,H,False,15.1,"Pinnacle draw 31% | gap=+3pts | home DR 40%, away DR 40%",Levante vs Barcelona,Away Win,1.46,A,True,10.3,Pinnacle gives away 67% win prob | away team clearly stronger: 15pts vs 7pts in last 5 | venue form gap: -6 (home-at-home vs away-at-away) | away on 6-game win streak
2022-04-18/2022-04-24,False,Barcelona vs Cadiz,Home Win,1.23,A,False,13.8,Pinnacle gives home 79% win prob | clear form advantage: 15pts vs 7pts in last 5 | venue form gap: +10 (home-at-home vs away-at-away) | home on 7-game win streak,Udinese vs Salernitana,Home Win,1.49,A,False,12.3,"Pinnacle gives home 64% win prob | clear form advantage: 10pts vs 4pts in last 5 | attacking mismatch: home scores 2.6/game, opp concedes 1.6/game | venue form gap: +7 (home-at-home vs away-at-away) | home on 3-game win streak",3,2.84,False,Genoa vs Cagliari,3.22,H,False,14.7,"Pinnacle draw 30% | gap=+1pts | home DR 60%, away DR 20%",FC Koln vs Bielefeld,Home Win,1.55,H,True,11.2,Pinnacle gives home 63% win prob | dominant form gap: 10pts vs 1pts in last 5 (historic 87% accuracy) | venue form gap: +10 (home-at-home vs away-at-away) | home on 2-game win streak | away on 2-game losing streak
2022-04-25/2022-05-01,False,Union Berlin vs Greuther Furth,Home Win,1.27,D,False,19.0,"Pinnacle gives home 77% win prob | dominant form gap: 12pts vs 3pts in last 5 (historic 87% accuracy) | MISMATCH: home on 12pts, away on 3pts — best config (90%+ historic) | venue form gap: +8 (home-at-home vs away-at-away) | home on 4-game win streak",Real Madrid vs Espanol,Home Win,1.51,H,True,13.4,Pinnacle gives home 65% win prob | clear form advantage: 12pts vs 6pts in last 5 | venue form gap: +11 (home-at-home vs away-at-away) | home on 4-game win streak | away on 2-game losing streak,3,2.32,False,Southampton vs Crystal Palace,3.35,A,False,10.6,"Pinnacle draw 29% | gap=+0pts | home DR 20%, away DR 40%",Juventus vs Venezia,Home Win,1.21,H,True,11.1,Pinnacle gives home 80% win prob | dominant form gap: 10pts vs 0pts in last 5 (historic 87% accuracy) | venue form gap: +5 (home-at-home vs away-at-away) | away on 8-game losing streak
2022-05-16/2022-05-22,False,Inter vs Sampdoria,Home Win,1.13,H,True,14.5,Pinnacle gives home 86% win prob | venue form gap: +9 (home-at-home vs away-at-away) | home on 3-game win streak,Southampton vs Liverpool,Away Win,1.38,A,True,13.6,Pinnacle gives away 70% win prob | dominant away form gap: 13pts vs 4pts in last 5 (historic 87%) | away attack 2.0/game vs leaky home defence 1.8 conceded/game | venue form gap: -10 (home-at-home vs away-at-away) | home on 2-game losing streak,3,2.4,True,Sevilla vs Ath Bilbao,3.32,H,False,13.2,"Pinnacle draw 29% | gap=-3pts | home DR 60%, away DR 30%",Spezia vs Napoli,Away Win,1.54,A,True,11.7,Pinnacle gives away 63% win prob | away team clearly stronger: 10pts vs 3pts in last 5 | away attack 2.6/game vs leaky home defence 2.8 conceded/game | venue form gap: -6 (home-at-home vs away-at-away) | away on 3-game win streak
2022-08-08/2022-08-14,False,Lecce vs Inter,Away Win,1.31,A,True,20.7,Pinnacle gives away 74% win prob | dominant away form gap: 12pts vs 0pts in last 5 (historic 87%) | venue form gap: -12 (home-at-home vs away-at-away) | away on 4-game win streak,Fiorentina vs Cremonese,Home Win,1.39,H,True,10.4,Pinnacle gives home 70% win prob | clear form advantage: 6pts vs 0pts in last 5 | venue form gap: +12 (home-at-home vs away-at-away),2,1.82,True,Wolves vs Fulham,3.24,D,True,19.9,"Pinnacle draw 30% | gap=+1pts | home DR 20%, away DR 100%",,,,,,,
2022-08-15/2022-08-21,False,Napoli vs Monza,Home Win,1.35,H,True,22.7,"Pinnacle gives home 72% win prob | dominant form gap: 15pts vs 0pts in last 5 (historic 87% accuracy) | MISMATCH: home on 15pts, away on 0pts — best config (90%+ historic) | attacking mismatch: home scores 3.6/game, opp concedes 2.0/game | venue form gap: +10 (home-at-home vs away-at-away) | home on 5-game win streak",Dortmund vs Werder Bremen,Home Win,1.41,A,False,20.6,"Pinnacle gives home 69% win prob | dominant form gap: 12pts vs 3pts in last 5 (historic 87% accuracy) | MISMATCH: home on 12pts, away on 3pts — best config (90%+ historic) | attacking mismatch: home scores 2.4/game, opp concedes 2.0/game | venue form gap: +8 (home-at-home vs away-at-away) | home on 4-game win streak",3,2.25,False,Espanol vs Vallecano,3.04,A,False,17.0,"Pinnacle draw 32% | gap=+2pts | home DR 40%, away DR 40%",Inter vs Spezia,Home Win,1.18,H,True,16.8,"Pinnacle gives home 82% win prob | dominant form gap: 15pts vs 6pts in last 5 (historic 87% accuracy) | attacking mismatch: home scores 2.8/game, opp concedes 2.4/game | venue form gap: +9 (home-at-home vs away-at-away) | home on 5-game win streak"
2022-08-29/2022-09-04,False,Arsenal vs Aston Villa,Home Win,1.5,H,True,24.3,"Pinnacle gives home 65% win prob | dominant form gap: 15pts vs 3pts in last 5 (historic 87% accuracy) | MISMATCH: home on 15pts, away on 3pts — best config (90%+ historic) | attacking mismatch: home scores 3.2/game, opp concedes 2.0/game | venue form gap: +11 (home-at-home vs away-at-away) | home on 5-game win streak | away on 2-game losing streak",Man City vs Nott'm Forest,Home Win,1.08,H,True,14.0,Pinnacle gives home 90% win prob | dominant form gap: 13pts vs 4pts in last 5 (historic 87% accuracy) | venue form gap: +14 (home-at-home vs away-at-away),3,2.12,True,Osasuna vs Vallecano,3.09,H,False,11.5,"Pinnacle draw 32% | gap=+2pts | home DR 30%, away DR 30%",Roma vs Monza,Home Win,1.31,H,True,12.3,Pinnacle gives home 74% win prob | dominant form gap: 11pts vs 0pts in last 5 (historic 87% accuracy) | venue form gap: +11 (home-at-home vs away-at-away) | away on 3-game losing streak
2022-09-05/2022-09-11,False,Cadiz vs Barcelona,Away Win,1.25,A,True,18.2,Pinnacle gives away 77% win prob | away team clearly stronger: 10pts vs 3pts in last 5 | away attack 2.2/game vs leaky home defence 2.0 conceded/game | venue form gap: -9 (home-at-home vs away-at-away) | away on 3-game win streak | home on 4-game losing streak,Atalanta vs Cremonese,Home Win,1.35,D,False,16.8,"Pinnacle gives home 72% win prob | dominant form gap: 13pts vs 1pts in last 5 (historic 87% accuracy) | MISMATCH: home on 13pts, away on 1pts — best config (90%+ historic) | venue form gap: +6 (home-at-home vs away-at-away) | home on 3-game win streak",3,2.16,False,Espanol vs Sevilla,3.27,A,False,14.8,"Pinnacle draw 30% | gap=+1pts | home DR 40%, away DR 50%",Real Madrid vs Mallorca,Home Win,1.28,H,True,11.4,Pinnacle gives home 76% win prob | venue form gap: +5 (home-at-home vs away-at-away) | home on 4-game win streak
2022-09-26/2022-10-02,False,Real Madrid vs Osasuna,Home Win,1.35,D,False,11.9,Pinnacle gives home 72% win prob | clear form advantage: 15pts vs 9pts in last 5 | venue form gap: +8 (home-at-home vs away-at-away) | home on 6-game win streak,Lazio vs Spezia,Home Win,1.42,H,True,11.6,"Pinnacle gives home 69% win prob | attacking mismatch: home scores 2.2/game, opp concedes 1.6/game | venue form gap: +7 (home-at-home vs away-at-away) | home on 2-game win streak",3,2.63,False,Sevilla vs Ath Madrid,3.25,A,False,11.6,"Pinnacle draw 30% | gap=-2pts | home DR 50%, away DR 20%",Mallorca vs Barcelona,Away Win,1.37,A,True,11.0,Pinnacle gives away 71% win prob | away team clearly stronger: 15pts vs 7pts in last 5 | venue form gap: -6 (home-at-home vs away-at-away) | away on 5-game win streak
2022-10-03/2022-10-09,False,Man City vs Southampton,Home Win,1.13,H,True,24.2,"Pinnacle gives home 86% win prob | dominant form gap: 13pts vs 3pts in last 5 (historic 87% accuracy) | MISMATCH: home on 13pts, away on 3pts — best config (90%+ historic) | venue form gap: +12 (home-at-home vs away-at-away) | home on 2-game win streak | away on 3-game losing streak",Cremonese vs Napoli,Away Win,1.47,A,True,18.4,Pinnacle gives away 66% win prob | dominant away form gap: 13pts vs 3pts in last 5 (historic 87%) | venue form gap: -12 (home-at-home vs away-at-away) | away on 4-game win streak,3,2.14,True,Salernitana vs Verona,3.47,H,False,12.4,"Pinnacle draw 28% | gap=-1pts | home DR 50%, away DR 30%",Barcelona vs Celta,Home Win,1.29,H,True,12.1,Pinnacle gives home 75% win prob | clear form advantage: 15pts vs 9pts in last 5 | venue form gap: +7 (home-at-home vs away-at-away) | home on 6-game win streak
2022-10-10/2022-10-16,False,Napoli vs Bologna,Home Win,1.26,H,True,15.7,"Pinnacle gives home 77% win prob | dominant form gap: 15pts vs 5pts in last 5 (historic 87% accuracy) | attacking mismatch: home scores 2.4/game, opp concedes 1.6/game | venue form gap: +9 (home-at-home vs away-at-away) | home on 5-game win streak",Valencia vs Elche,Home Win,1.42,D,False,12.2,"Pinnacle gives home 69% win prob | dominant form gap: 10pts vs 1pts in last 5 (historic 87% accuracy) | attacking mismatch: home scores 2.6/game, opp concedes 2.8/game | venue form gap: +12 (home-at-home vs away-at-away)",2,1.79,False,Mallorca vs Sevilla,3.14,A,False,14.5,"Pinnacle draw 31% | gap=+0pts | home DR 30%, away DR 40%",,,,,,,
2022-10-24/2022-10-30,False,Real Madrid vs Girona,Home Win,1.22,D,False,26.4,"Pinnacle gives home 79% win prob | dominant form gap: 13pts vs 2pts in last 5 (historic 87% accuracy) | MISMATCH: home on 13pts, away on 2pts — best config (90%+ historic) | attacking mismatch: home scores 2.2/game, opp concedes 2.4/game | venue form gap: +12 (home-at-home vs away-at-away) | home on 4-game win streak",Inter vs Sampdoria,Home Win,1.25,H,True,12.8,Pinnacle gives home 78% win prob | venue form gap: +8 (home-at-home vs away-at-away) | home on 3-game win streak,3,2.01,False,Cremonese vs Sampdoria,3.37,A,False,11.2,"Pinnacle draw 29% | gap=+2pts | home DR 40%, away DR 30%",Liverpool vs Leeds,Home Win,1.32,A,False,12.5,Pinnacle gives home 73% win prob | clear form advantage: 7pts vs 1pts in last 5 | venue form gap: +12 (home-at-home vs away-at-away) | away on 4-game losing streak
2022-11-07/2022-11-13,False,Man City vs Brentford,Home Win,1.15,A,False,15.7,Pinnacle gives home 85% win prob | clear form advantage: 12pts vs 6pts in last 5 | venue form gap: +12 (home-at-home vs away-at-away) | home on 3-game win streak,Napoli vs Empoli,Home Win,1.25,H,True,12.4,Pinnacle gives home 78% win prob | clear form advantage: 15pts vs 7pts in last 5 | venue form gap: +7 (home-at-home vs away-at-away) | home on 9-game win streak,3,2.14,False,Empoli vs Cremonese,3.41,H,False,14.2,"Pinnacle draw 29% | gap=+2pts | home DR 20%, away DR 70%",Napoli vs Udinese,Home Win,1.49,H,True,10.2,Pinnacle gives home 66% win prob | dominant form gap: 15pts vs 4pts in last 5 (historic 87% accuracy) | venue form gap: +6 (home-at-home vs away-at-away) | home on 10-game win streak
2022-12-26/2023-01-01,False,Arsenal vs West Ham,Home Win,1.52,H,True,21.5,"Pinnacle gives home 64% win prob | dominant form gap: 13pts vs 3pts in last 5 (historic 87% accuracy) | MISMATCH: home on 13pts, away on 3pts — best config (90%+ historic) | venue form gap: +14 (home-at-home vs away-at-away) | home on 3-game win streak | away on 3-game losing streak",Barcelona vs Espanol,Home Win,1.26,D,False,21.4,"Pinnacle gives home 77% win prob | dominant form gap: 15pts vs 3pts in last 5 (historic 87% accuracy) | MISMATCH: home on 15pts, away on 3pts — best config (90%+ historic) | venue form gap: +12 (home-at-home vs away-at-away) | home on 5-game win streak",3,2.85,False,Celta vs Sevilla,3.43,D,True,10.4,"Pinnacle draw 29% | gap=+0pts | home DR 20%, away DR 40%",Newcastle vs Leeds,Home Win,1.49,D,False,15.8,"Pinnacle gives home 65% win prob | dominant form gap: 15pts vs 6pts in last 5 (historic 87% accuracy) | attacking mismatch: home scores 2.8/game, opp concedes 2.8/game | venue form gap: +10 (home-at-home vs away-at-away) | home on 6-game win streak | away on 2-game losing streak"
2023-01-23/2023-01-29,False,Schalke 04 vs RB Leipzig,Away Win,1.59,A,True,15.2,Pinnacle gives away 61% win prob | dominant away form gap: 13pts vs 3pts in last 5 (historic 87%) | away attack 2.2/game vs leaky home defence 1.8 conceded/game | venue form gap: -5 (home-at-home vs away-at-away) | home on 2-game losing streak,Inter vs Empoli,Home Win,1.3,A,False,11.0,Pinnacle gives home 74% win prob | venue form gap: +12 (home-at-home vs away-at-away),2,2.07,False,Getafe vs Betis,2.88,A,False,17.9,"Pinnacle draw 34% | gap=-2pts | home DR 40%, away DR 40%",,,,,,,
2023-01-30/2023-02-05,False,Spezia vs Napoli,Away Win,1.38,A,True,13.8,Pinnacle gives away 71% win prob | away team clearly stronger: 12pts vs 5pts in last 5 | venue form gap: -9 (home-at-home vs away-at-away) | away on 4-game win streak | home on 2-game losing streak,Brighton vs Bournemouth,Home Win,1.35,H,True,11.1,"Pinnacle gives home 72% win prob | dominant form gap: 10pts vs 1pts in last 5 (historic 87% accuracy) | attacking mismatch: home scores 2.8/game, opp concedes 2.0/game | venue form gap: +7 (home-at-home vs away-at-away)",2,1.86,True,Torino vs Udinese,3.14,H,False,17.0,"Pinnacle draw 31% | gap=+1pts | home DR 40%, away DR 50%",,,,,,,
2023-02-13/2023-02-19,False,Dortmund vs Hertha,Home Win,1.36,H,True,24.6,"Pinnacle gives home 72% win prob | dominant form gap: 15pts vs 3pts in last 5 (historic 87% accuracy) | MISMATCH: home on 15pts, away on 3pts — best config (90%+ historic) | attacking mismatch: home scores 3.0/game, opp concedes 2.8/game | venue form gap: +13 (home-at-home vs away-at-away) | home on 5-game win streak",Barcelona vs Cadiz,Home Win,1.22,H,True,11.5,Pinnacle gives home 80% win prob | clear form advantage: 15pts vs 7pts in last 5 | venue form gap: +9 (home-at-home vs away-at-away) | home on 6-game win streak,3,2.32,False,Espanol vs Sociedad,3.12,A,False,13.8,"Pinnacle draw 31% | gap=-2pts | home DR 60%, away DR 20%",M'gladbach vs Bayern Munich,Away Win,1.4,H,False,11.4,Pinnacle gives away 70% win prob | away attack 2.0/game vs leaky home defence 1.8 conceded/game | venue form gap: -6 (home-at-home vs away-at-away) | away on 2-game win streak
2023-03-27/2023-04-02,False,Arsenal vs Leeds,Home Win,1.29,H,True,11.6,Pinnacle gives home 75% win prob | clear form advantage: 15pts vs 7pts in last 5 | venue form gap: +6 (home-at-home vs away-at-away) | home on 6-game win streak,Elche vs Barcelona,Away Win,1.34,A,True,11.5,Pinnacle gives away 72% win prob | away team clearly stronger: 12pts vs 4pts in last 5 | venue form gap: -7 (home-at-home vs away-at-away) | away on 3-game win streak,2,1.73,True,Crystal Palace vs Leicester,3.28,H,False,12.6,"Pinnacle draw 30% | gap=+0pts | home DR 50%, away DR 20%",,,,,,,
2023-04-10/2023-04-16,False,Man City vs Leicester,Home Win,1.16,H,True,31.0,"Pinnacle gives home 83% win prob | dominant form gap: 15pts vs 1pts in last 5 (historic 87% accuracy) | MISMATCH: home on 15pts, away on 1pts — best config (90%+ historic) | attacking mismatch: home scores 3.0/game, opp concedes 1.8/game | venue form gap: +11 (home-at-home vs away-at-away) | home on 5-game win streak | away on 3-game losing streak",Ath Madrid vs Almeria,Home Win,1.23,H,True,16.9,"Pinnacle gives home 78% win prob | dominant form gap: 15pts vs 5pts in last 5 (historic 87% accuracy) | attacking mismatch: home scores 2.6/game, opp concedes 1.6/game | venue form gap: +11 (home-at-home vs away-at-away) | home on 5-game win streak",3,1.87,False,Vallecano vs Osasuna,3.13,H,False,16.9,"Pinnacle draw 31% | gap=-2pts | home DR 50%, away DR 40%",Barcelona vs Girona,Home Win,1.31,D,False,13.3,Pinnacle gives home 74% win prob | venue form gap: +11 (home-at-home vs away-at-away) | home on 4-game win streak
2023-05-01/2023-05-07,False,Man City vs Leeds,Home Win,1.18,H,True,27.3,"Pinnacle gives home 82% win prob | dominant form gap: 15pts vs 1pts in last 5 (historic 87% accuracy) | MISMATCH: home on 15pts, away on 1pts — best config (90%+ historic) | attacking mismatch: home scores 3.2/game, opp concedes 3.6/game | venue form gap: +12 (home-at-home vs away-at-away) | home on 9-game win streak",Man City vs West Ham,Home Win,1.21,H,True,18.7,"Pinnacle gives home 80% win prob | clear form advantage: 15pts vs 7pts in last 5 | attacking mismatch: home scores 3.4/game, opp concedes 1.6/game | venue form gap: +9 (home-at-home vs away-at-away) | home on 8-game win streak | away on 2-game losing streak",3,1.81,True,Getafe vs Celta,3.03,H,False,12.7,"Pinnacle draw 32% | gap=-3pts | home DR 30%, away DR 30%",Liverpool vs Fulham,Home Win,1.27,H,True,13.9,Pinnacle gives home 76% win prob | clear form advantage: 13pts vs 6pts in last 5 | venue form gap: +7 (home-at-home vs away-at-away) | home on 4-game win streak | away on 2-game losing streak
2023-05-08/2023-05-14,False,Elche vs Ath Madrid,Away Win,1.36,H,False,16.5,Pinnacle gives away 71% win prob | dominant away form gap: 12pts vs 3pts in last 5 (historic 87%) | venue form gap: -6 (home-at-home vs away-at-away) | away on 3-game win streak,Everton vs Man City,Away Win,1.36,A,True,14.6,Pinnacle gives away 71% win prob | dominant away form gap: 15pts vs 5pts in last 5 (historic 87%) | away attack 2.8/game vs leaky home defence 2.0 conceded/game | venue form gap: -9 (home-at-home vs away-at-away) | away on 10-game win streak,3,2.33,False,Mallorca vs Cadiz,3.02,H,False,15.5,"Pinnacle draw 32% | gap=+3pts | home DR 40%, away DR 40%",RB Leipzig vs Werder Bremen,Home Win,1.26,H,True,10.5,Pinnacle gives home 76% win prob | clear form advantage: 12pts vs 4pts in last 5 | venue form gap: +7 (home-at-home vs away-at-away) | home on 2-game win streak | away on 2-game losing streak
2023-05-15/2023-05-21,False,Man City vs Chelsea,Home Win,1.26,H,True,13.2,"Pinnacle gives home 76% win prob | dominant form gap: 15pts vs 4pts in last 5 (historic 87% accuracy) | attacking mismatch: home scores 2.8/game, opp concedes 2.0/game | venue form gap: +9 (home-at-home vs away-at-away) | home on 11-game win streak",Liverpool vs Aston Villa,Home Win,1.5,D,False,10.0,Pinnacle gives home 65% win prob | clear form advantage: 15pts vs 7pts in last 5 | venue form gap: +6 (home-at-home vs away-at-away) | home on 7-game win streak,2,1.89,False,Lecce vs Spezia,3.25,D,True,9.1,"Pinnacle draw 30% | gap=+0pts | home DR 20%, away DR 30%",,,,,,,
2023-05-22/2023-05-28,False,Dortmund vs Mainz,Home Win,1.15,D,False,30.3,"Pinnacle gives home 84% win prob | dominant form gap: 13pts vs 3pts in last 5 (historic 87% accuracy) | MISMATCH: home on 13pts, away on 3pts — best config (90%+ historic) | attacking mismatch: home scores 3.8/game, opp concedes 2.8/game | venue form gap: +10 (home-at-home vs away-at-away) | home on 3-game win streak | away on 4-game losing streak",Villarreal vs Cadiz,Home Win,1.49,H,True,11.0,"Pinnacle gives home 65% win prob | clear form advantage: 13pts vs 6pts in last 5 | attacking mismatch: home scores 3.0/game, opp concedes 1.6/game | venue form gap: +7 (home-at-home vs away-at-away) | home on 2-game win streak",2,1.71,False,,,,,,,,,,,,,
2023-08-28/2023-09-03,False,Cagliari vs Inter,Away Win,1.47,A,True,16.9,Pinnacle gives away 66% win prob | dominant away form gap: 12pts vs 3pts in last 5 (historic 87%) | venue form gap: -9 (home-at-home vs away-at-away) | away on 3-game win streak,Leverkusen vs Darmstadt,Home Win,1.2,H,True,14.3,Pinnacle gives home 81% win prob | clear form advantage: 8pts vs 0pts in last 5 | venue form gap: +10 (home-at-home vs away-at-away) | home on 2-game win streak | away on 2-game losing streak,3,2.03,True,Lecce vs Salernitana,3.4,H,False,11.4,"Pinnacle draw 29% | gap=+2pts | home DR 30%, away DR 50%",Man City vs Fulham,Home Win,1.15,H,True,13.8,Pinnacle gives home 84% win prob | venue form gap: +8 (home-at-home vs away-at-away) | home on 3-game win streak
2023-09-18/2023-09-24,False,Empoli vs Inter,Away Win,1.33,A,True,23.3,Pinnacle gives away 73% win prob | dominant away form gap: 15pts vs 0pts in last 5 (historic 87%) | away attack 2.8/game vs leaky home defence 2.8 conceded/game | venue form gap: -6 (home-at-home vs away-at-away) | away on 6-game win streak | home on 5-game losing streak,Man City vs Nott'm Forest,Home Win,1.15,H,True,14.7,Pinnacle gives home 84% win prob | clear form advantage: 15pts vs 7pts in last 5 | venue form gap: +10 (home-at-home vs away-at-away) | home on 5-game win streak,3,1.68,True,Torino vs Roma,3.1,D,True,13.3,"Pinnacle draw 31% | gap=+0pts | home DR 30%, away DR 40%",Bayern Munich vs Bochum,Home Win,1.1,H,True,13.5,"Pinnacle gives home 88% win prob | clear form advantage: 13pts vs 6pts in last 5 | attacking mismatch: home scores 2.6/game, opp concedes 1.8/game | venue form gap: +7 (home-at-home vs away-at-away)"
2023-10-02/2023-10-08,False,RB Leipzig vs Bochum,Home Win,1.25,D,False,23.0,"Pinnacle gives home 77% win prob | dominant form gap: 13pts vs 3pts in last 5 (historic 87% accuracy) | MISMATCH: home on 13pts, away on 3pts — best config (90%+ historic) | attacking mismatch: home scores 2.8/game, opp concedes 2.8/game | venue form gap: +11 (home-at-home vs away-at-away) | away on 2-game losing streak",Fiorentina vs Cagliari,Home Win,1.48,H,True,10.3,Pinnacle gives home 64% win prob | clear form advantage: 8pts vs 1pts in last 5 | venue form gap: +10 (home-at-home vs away-at-away) | away on 2-game losing streak,2,1.85,False,Crystal Palace vs Nott'm Forest,3.3,D,True,13.0,"Pinnacle draw 29% | gap=+3pts | home DR 40%, away DR 40%",,,,,,,
2023-10-23/2023-10-29,False,Ath Madrid vs Alaves,Home Win,1.4,H,True,19.8,"Pinnacle gives home 69% win prob | dominant form gap: 15pts vs 3pts in last 5 (historic 87% accuracy) | MISMATCH: home on 15pts, away on 3pts — best config (90%+ historic) | venue form gap: +13 (home-at-home vs away-at-away) | home on 5-game win streak",Arsenal vs Sheffield United,Home Win,1.13,H,True,17.1,"Pinnacle gives home 86% win prob | dominant form gap: 11pts vs 0pts in last 5 (historic 87% accuracy) | attacking mismatch: home scores 2.0/game, opp concedes 3.4/game | venue form gap: +11 (home-at-home vs away-at-away) | away on 5-game losing streak",3,2.04,True,Mallorca vs Getafe,3.03,D,True,19.3,"Pinnacle draw 32% | gap=-1pts | home DR 50%, away DR 50%",Leverkusen vs Freiburg,Home Win,1.29,H,True,15.2,"Pinnacle gives home 75% win prob | clear form advantage: 13pts vs 7pts in last 5 | attacking mismatch: home scores 2.8/game, opp concedes 1.6/game | venue form gap: +9 (home-at-home vs away-at-away) | home on 4-game win streak"
2023-10-30/2023-11-05,False,Luton vs Liverpool,Away Win,1.24,D,False,13.1,Pinnacle gives away 77% win prob | away team clearly stronger: 10pts vs 4pts in last 5 | away attack 2.2/game vs leaky home defence 1.8 conceded/game | venue form gap: -7 (home-at-home vs away-at-away) | away on 2-game win streak,Man City vs Bournemouth,Home Win,1.08,H,True,13.0,Pinnacle gives home 89% win prob | clear form advantage: 9pts vs 3pts in last 5 | venue form gap: +14 (home-at-home vs away-at-away) | home on 2-game win streak,3,2.12,False,Cagliari vs Genoa,3.18,H,False,8.4,"Pinnacle draw 30% | gap=-3pts | home DR 30%, away DR 20%",Mainz vs RB Leipzig,Away Win,1.58,H,False,11.6,Pinnacle gives away 61% win prob | dominant away form gap: 11pts vs 2pts in last 5 (historic 87%) | away attack 2.4/game vs leaky home defence 2.4 conceded/game | venue form gap: -11 (home-at-home vs away-at-away) | away on 2-game win streak
2023-11-06/2023-11-12,False,Leverkusen vs Union Berlin,Home Win,1.29,H,True,28.7,"Pinnacle gives home 75% win prob | dominant form gap: 15pts vs 0pts in last 5 (historic 87% accuracy) | MISMATCH: home on 15pts, away on 0pts — best config (90%+ historic) | attacking mismatch: home scores 2.6/game, opp concedes 2.6/game | venue form gap: +12 (home-at-home vs away-at-away) | home on 6-game win streak | away on 8-game losing streak",Bayern Munich vs Heidenheim,Home Win,1.06,H,True,20.3,"Pinnacle gives home 91% win prob | clear form advantage: 13pts vs 6pts in last 5 | attacking mismatch: home scores 4.0/game, opp concedes 1.8/game | venue form gap: +12 (home-at-home vs away-at-away) | home on 4-game win streak",3,1.63,True,Getafe vs Cadiz,3.19,H,False,16.5,"Pinnacle draw 30% | gap=+3pts | home DR 50%, away DR 40%",Inter vs Frosinone,Home Win,1.19,H,True,16.0,"Pinnacle gives home 81% win prob | clear form advantage: 13pts vs 6pts in last 5 | attacking mismatch: home scores 2.4/game, opp concedes 2.0/game | venue form gap: +8 (home-at-home vs away-at-away) | home on 3-game win streak"
2023-12-04/2023-12-10,False,Ein Frankfurt vs Bayern Munich,Away Win,1.31,H,False,16.2,Pinnacle gives away 73% win prob | dominant away form gap: 15pts vs 5pts in last 5 (historic 87%) | away attack 4.0/game vs leaky home defence 1.8 conceded/game | venue form gap: -7 (home-at-home vs away-at-away) | away on 6-game win streak | home on 2-game losing streak,Luton vs Arsenal,Away Win,1.22,A,True,14.3,Pinnacle gives away 79% win prob | away team clearly stronger: 12pts vs 4pts in last 5 | away attack 2.2/game vs leaky home defence 1.8 conceded/game | venue form gap: -5 (home-at-home vs away-at-away) | away on 3-game win streak,3,1.9,False,Mallorca vs Sevilla,3.16,H,False,24.1,"Pinnacle draw 31% | gap=-1pts | home DR 60%, away DR 70%",Ath Madrid vs Almeria,Home Win,1.19,H,True,12.9,Pinnacle gives home 80% win prob | clear form advantage: 9pts vs 1pts in last 5 | venue form gap: +15 (home-at-home vs away-at-away)
2023-12-18/2023-12-24,False,Aston Villa vs Sheffield United,Home Win,1.24,D,False,22.7,"Pinnacle gives home 78% win prob | dominant form gap: 13pts vs 3pts in last 5 (historic 87% accuracy) | MISMATCH: home on 13pts, away on 3pts — best config (90%+ historic) | venue form gap: +14 (home-at-home vs away-at-away) | home on 3-game win streak",Inter vs Lecce,Home Win,1.23,H,True,12.5,Pinnacle gives home 78% win prob | clear form advantage: 13pts vs 7pts in last 5 | venue form gap: +7 (home-at-home vs away-at-away) | home on 3-game win streak,2,1.53,False,Mallorca vs Osasuna,2.98,H,False,21.2,"Pinnacle draw 32% | gap=+0pts | home DR 60%, away DR 30%",,,,,,,
2024-01-01/2024-01-07,False,Inter vs Verona,Home Win,1.17,H,True,12.1,Pinnacle gives home 82% win prob | clear form advantage: 13pts vs 5pts in last 5 | venue form gap: +12 (home-at-home vs away-at-away),Salernitana vs Juventus,Away Win,1.4,A,True,10.0,Pinnacle gives away 69% win prob | dominant away form gap: 13pts vs 4pts in last 5 (historic 87%) | venue form gap: -8 (home-at-home vs away-at-away) | away on 2-game win streak,2,1.64,True,Celta vs Betis,3.33,H,False,19.2,"Pinnacle draw 29% | gap=-1pts | home DR 50%, away DR 70%",,,,,,,
2024-01-15/2024-01-21,False,Real Madrid vs Almeria,Home Win,1.15,H,True,23.9,"Pinnacle gives home 84% win prob | dominant form gap: 13pts vs 2pts in last 5 (historic 87% accuracy) | MISMATCH: home on 13pts, away on 2pts — best config (90%+ historic) | venue form gap: +13 (home-at-home vs away-at-away) | home on 3-game win streak",Bayern Munich vs Werder Bremen,Home Win,1.08,A,False,16.2,Pinnacle gives home 87% win prob | clear form advantage: 12pts vs 6pts in last 5 | venue form gap: +12 (home-at-home vs away-at-away) | home on 3-game win streak,3,1.73,False,Celta vs Sociedad,3.08,A,False,19.0,"Pinnacle draw 31% | gap=+2pts | home DR 50%, away DR 50%",Juventus vs Sassuolo,Home Win,1.39,H,True,11.8,Pinnacle gives home 69% win prob | dominant form gap: 13pts vs 4pts in last 5 (historic 87% accuracy) | venue form gap: +9 (home-at-home vs away-at-away) | home on 3-game win streak
2024-01-22/2024-01-28,False,Leverkusen vs M'gladbach,Home Win,1.27,D,False,16.7,"Pinnacle gives home 75% win prob | dominant form gap: 13pts vs 4pts in last 5 (historic 87% accuracy) | attacking mismatch: home scores 2.4/game, opp concedes 2.0/game | venue form gap: +12 (home-at-home vs away-at-away) | home on 4-game win streak",Barcelona vs Villarreal,Home Win,1.35,A,False,14.1,"Pinnacle gives home 71% win prob | clear form advantage: 10pts vs 4pts in last 5 | attacking mismatch: home scores 2.4/game, opp concedes 2.6/game | venue form gap: +8 (home-at-home vs away-at-away) | home on 3-game win streak",3,2.21,False,Mallorca vs Betis,3.13,A,False,18.7,"Pinnacle draw 31% | gap=+1pts | home DR 50%, away DR 50%",Juventus vs Empoli,Home Win,1.29,D,False,12.3,Pinnacle gives home 75% win prob | dominant form gap: 15pts vs 4pts in last 5 (historic 87% accuracy) | venue form gap: +8 (home-at-home vs away-at-away) | home on 5-game win streak
2024-02-12/2024-02-18,False,Inter vs Salernitana,Home Win,1.15,H,True,27.1,"Pinnacle gives home 84% win prob | dominant form gap: 15pts vs 1pts in last 5 (historic 87% accuracy) | MISMATCH: home on 15pts, away on 1pts — best config (90%+ historic) | attacking mismatch: home scores 2.6/game, opp concedes 1.8/game | venue form gap: +11 (home-at-home vs away-at-away) | home on 5-game win streak",Atalanta vs Sassuolo,Home Win,1.36,H,True,16.6,"Pinnacle gives home 71% win prob | dominant form gap: 13pts vs 4pts in last 5 (historic 87% accuracy) | attacking mismatch: home scores 3.0/game, opp concedes 1.8/game | venue form gap: +14 (home-at-home vs away-at-away) | home on 4-game win streak",3,2.1,False,Mallorca vs Sociedad,2.83,A,False,24.9,"Pinnacle draw 34% | gap=+0pts | home DR 40%, away DR 60%",Man City vs Chelsea,Home Win,1.34,D,False,12.9,"Pinnacle gives home 72% win prob | clear form advantage: 15pts vs 9pts in last 5 | attacking mismatch: home scores 2.6/game, opp concedes 2.2/game | venue form gap: +5 (home-at-home vs away-at-away) | home on 6-game win streak"
2024-02-19/2024-02-25,False,Lecce vs Inter,Away Win,1.43,A,True,20.9,Pinnacle gives away 67% win prob | dominant away form gap: 15pts vs 3pts in last 5 (historic 87%) | away attack 3.0/game vs leaky home defence 2.6 conceded/game | venue form gap: -5 (home-at-home vs away-at-away) | away on 6-game win streak | home on 2-game losing streak,Arsenal vs Newcastle,Home Win,1.4,H,True,12.8,"Pinnacle gives home 69% win prob | clear form advantage: 15pts vs 8pts in last 5 | attacking mismatch: home scores 4.2/game, opp concedes 2.4/game | venue form gap: +6 (home-at-home vs away-at-away) | home on 5-game win streak",3,2.52,True,Genoa vs Udinese,2.92,H,False,24.1,"Pinnacle draw 33% | gap=+3pts | home DR 60%, away DR 50%",Leverkusen vs Mainz,Home Win,1.26,H,True,12.7,Pinnacle gives home 77% win prob | dominant form gap: 13pts vs 4pts in last 5 (historic 87% accuracy) | venue form gap: +8 (home-at-home vs away-at-away) | home on 3-game win streak
2024-02-26/2024-03-03,False,Nott'm Forest vs Liverpool,Away Win,1.54,A,True,11.7,Pinnacle gives away 63% win prob | away team clearly stronger: 12pts vs 4pts in last 5 | away attack 3.2/game vs leaky home defence 2.0 conceded/game | venue form gap: -6 (home-at-home vs away-at-away) | away on 3-game win streak,FC Koln vs Leverkusen,Away Win,1.39,A,True,11.4,Pinnacle gives away 69% win prob | away team clearly stronger: 13pts vs 6pts in last 5 | venue form gap: -8 (home-at-home vs away-at-away) | away on 4-game win streak,2,2.14,True,Sevilla vs Sociedad,3.02,H,False,14.8,"Pinnacle draw 32% | gap=+3pts | home DR 20%, away DR 50%",,,,,,,
2024-03-04/2024-03-10,False,Sheffield United vs Arsenal,Away Win,1.16,A,True,26.5,Pinnacle gives away 83% win prob | dominant away form gap: 15pts vs 3pts in last 5 (historic 87%) | away attack 4.0/game vs leaky home defence 3.0 conceded/game | venue form gap: -6 (home-at-home vs away-at-away) | away on 6-game win streak | home on 2-game losing streak,Leverkusen vs Wolfsburg,Home Win,1.32,H,True,21.0,"Pinnacle gives home 73% win prob | dominant form gap: 15pts vs 3pts in last 5 (historic 87% accuracy) | MISMATCH: home on 15pts, away on 3pts — best config (90%+ historic) | attacking mismatch: home scores 2.2/game, opp concedes 1.8/game | venue form gap: +7 (home-at-home vs away-at-away) | home on 5-game win streak",3,1.88,True,Genoa vs Monza,3.11,A,False,13.7,"Pinnacle draw 31% | gap=-3pts | home DR 50%, away DR 30%",Arsenal vs Brentford,Home Win,1.23,H,True,15.9,"Pinnacle gives home 78% win prob | dominant form gap: 15pts vs 4pts in last 5 (historic 87% accuracy) | attacking mismatch: home scores 4.8/game, opp concedes 2.2/game | venue form gap: +9 (home-at-home vs away-at-away) | home on 7-game win streak"
2024-03-11/2024-03-17,False,Darmstadt vs Bayern Munich,Away Win,1.14,A,True,14.4,Pinnacle gives away 84% win prob | away attack 2.8/game vs leaky home defence 2.2 conceded/game | venue form gap: -6 (home-at-home vs away-at-away) | home on 2-game losing streak,Freiburg vs Leverkusen,Away Win,1.56,A,True,12.6,Pinnacle gives away 62% win prob | dominant away form gap: 15pts vs 5pts in last 5 (historic 87%) | away attack 2.2/game vs leaky home defence 2.2 conceded/game | venue form gap: -9 (home-at-home vs away-at-away) | away on 6-game win streak,3,2.49,True,Udinese vs Torino,2.96,A,False,19.4,"Pinnacle draw 33% | gap=+3pts | home DR 40%, away DR 50%",Roma vs Sassuolo,Home Win,1.4,H,True,11.6,"Pinnacle gives home 69% win prob | clear form advantage: 10pts vs 3pts in last 5 | attacking mismatch: home scores 2.8/game, opp concedes 2.6/game | venue form gap: +10 (home-at-home vs away-at-away)"
2024-03-25/2024-03-31,False,Stuttgart vs Heidenheim,Home Win,1.26,D,False,21.8,"Pinnacle gives home 76% win prob | dominant form gap: 13pts vs 2pts in last 5 (historic 87% accuracy) | MISMATCH: home on 13pts, away on 2pts — best config (90%+ historic) | attacking mismatch: home scores 2.2/game, opp concedes 1.6/game | venue form gap: +7 (home-at-home vs away-at-away) | home on 3-game win streak",Barcelona vs Las Palmas,Home Win,1.27,H,True,20.7,"Pinnacle gives home 76% win prob | dominant form gap: 13pts vs 2pts in last 5 (historic 87% accuracy) | MISMATCH: home on 13pts, away on 2pts — best config (90%+ historic) | attacking mismatch: home scores 2.0/game, opp concedes 2.4/game | venue form gap: +5 (home-at-home vs away-at-away) | home on 2-game win streak | away on 2-game losing streak",3,1.94,False,Getafe vs Sevilla,3.19,A,False,12.1,"Pinnacle draw 30% | gap=+0pts | home DR 30%, away DR 30%",Leverkusen vs Hoffenheim,Home Win,1.21,H,True,18.6,"Pinnacle gives home 79% win prob | dominant form gap: 15pts vs 6pts in last 5 (historic 87% accuracy) | attacking mismatch: home scores 2.2/game, opp concedes 2.0/game | venue form gap: +9 (home-at-home vs away-at-away) | home on 7-game win streak | away on 2-game losing streak"
2024-04-08/2024-04-14,False,Leverkusen vs Werder Bremen,Home Win,1.2,H,True,22.2,"Pinnacle gives home 80% win prob | dominant form gap: 15pts vs 1pts in last 5 (historic 87% accuracy) | MISMATCH: home on 15pts, away on 1pts — best config (90%+ historic) | attacking mismatch: home scores 2.0/game, opp concedes 1.8/game | venue form gap: +6 (home-at-home vs away-at-away) | home on 9-game win streak",Man City vs Luton,Home Win,1.09,H,True,16.4,"Pinnacle gives home 89% win prob | clear form advantage: 11pts vs 4pts in last 5 | attacking mismatch: home scores 2.4/game, opp concedes 2.0/game | venue form gap: +10 (home-at-home vs away-at-away) | home on 2-game win streak",3,1.78,True,Torino vs Juventus,3.06,D,True,15.3,"Pinnacle draw 32% | gap=+3pts | home DR 40%, away DR 40%",RB Leipzig vs Wolfsburg,Home Win,1.36,H,True,15.3,"Pinnacle gives home 71% win prob | dominant form gap: 13pts vs 3pts in last 5 (historic 87% accuracy) | MISMATCH: home on 13pts, away on 3pts — best config (90%+ historic) | attacking mismatch: home scores 3.0/game, opp concedes 2.2/game | venue form gap: +5 (home-at-home vs away-at-away)"
2024-04-29/2024-05-05,False,Sassuolo vs Inter,Away Win,1.51,H,False,20.4,Pinnacle gives away 64% win prob | dominant away form gap: 13pts vs 3pts in last 5 (historic 87%) | away attack 2.0/game vs leaky home defence 2.8 conceded/game | venue form gap: -10 (home-at-home vs away-at-away) | away on 2-game win streak | home on 2-game losing streak,Man City vs Wolves,Home Win,1.09,H,True,17.6,"Pinnacle gives home 89% win prob | dominant form gap: 15pts vs 4pts in last 5 (historic 87% accuracy) | attacking mismatch: home scores 3.8/game, opp concedes 1.6/game | venue form gap: +8 (home-at-home vs away-at-away) | home on 5-game win streak",3,2.22,False,Genoa vs Cagliari,3.11,H,False,16.9,"Pinnacle draw 31% | gap=+0pts | home DR 40%, away DR 50%",Real Madrid vs Cadiz,Home Win,1.35,H,True,16.3,"Pinnacle gives home 71% win prob | dominant form gap: 15pts vs 4pts in last 5 (historic 87% accuracy) | attacking mismatch: home scores 2.2/game, opp concedes 1.6/game | venue form gap: +13 (home-at-home vs away-at-away) | home on 6-game win streak"
2024-05-06/2024-05-12,False,Salernitana vs Atalanta,Away Win,1.35,A,True,13.4,Pinnacle gives away 71% win prob | dominant away form gap: 10pts vs 1pts in last 5 (historic 87%) | away attack 2.0/game vs leaky home defence 2.8 conceded/game | venue form gap: -6 (home-at-home vs away-at-away) | away on 2-game win streak | home on 3-game losing streak,Man United vs Arsenal,Away Win,1.38,A,True,12.5,Pinnacle gives away 70% win prob | away team clearly stronger: 12pts vs 6pts in last 5 | away attack 2.6/game vs leaky home defence 2.2 conceded/game | venue form gap: -5 (home-at-home vs away-at-away) | away on 4-game win streak,3,2.25,True,Valencia vs Vallecano,3.0,D,True,13.5,"Pinnacle draw 32% | gap=+1pts | home DR 30%, away DR 40%",Fulham vs Man City,Away Win,1.21,A,True,12.2,Pinnacle gives away 79% win prob | dominant away form gap: 15pts vs 5pts in last 5 (historic 87%) | venue form gap: -6 (home-at-home vs away-at-away) | away on 6-game win streak
2024-05-13/2024-05-19,False,Man City vs West Ham,Home Win,1.09,H,True,16.9,"Pinnacle gives home 88% win prob | dominant form gap: 15pts vs 4pts in last 5 (historic 87% accuracy) | attacking mismatch: home scores 3.4/game, opp concedes 3.0/game | venue form gap: +7 (home-at-home vs away-at-away) | home on 8-game win streak",Ath Madrid vs Osasuna,Home Win,1.39,A,False,16.9,"Pinnacle gives home 68% win prob | dominant form gap: 12pts vs 2pts in last 5 (historic 87% accuracy) | MISMATCH: home on 12pts, away on 2pts — best config (90%+ historic) | venue form gap: +8 (home-at-home vs away-at-away) | home on 4-game win streak",3,1.76,False,Torino vs Milan,3.21,H,False,14.5,"Pinnacle draw 30% | gap=+0pts | home DR 50%, away DR 30%",Liverpool vs Wolves,Home Win,1.16,H,True,15.0,"Pinnacle gives home 83% win prob | attacking mismatch: home scores 2.4/game, opp concedes 2.4/game | venue form gap: +8 (home-at-home vs away-at-away) | away on 2-game losing streak"
2024-08-19/2024-08-25,False,Man City vs Ipswich,Home Win,1.08,H,True,30.4,"Pinnacle gives home 89% win prob | dominant form gap: 15pts vs 0pts in last 5 (historic 87% accuracy) | MISMATCH: home on 15pts, away on 0pts — best config (90%+ historic) | attacking mismatch: home scores 3.2/game, opp concedes 2.0/game | venue form gap: +13 (home-at-home vs away-at-away) | home on 10-game win streak",M'gladbach vs Leverkusen,Away Win,1.6,A,True,12.7,Pinnacle gives away 61% win prob | away team clearly stronger: 11pts vs 3pts in last 5 | away attack 3.0/game vs leaky home defence 2.2 conceded/game | venue form gap: -10 (home-at-home vs away-at-away) | away on 3-game win streak,3,2.49,False,Leganes vs Las Palmas,3.0,H,False,30.0,"Pinnacle draw 32% | gap=-3pts | home DR 100%, away DR 40%",Fiorentina vs Venezia,Home Win,1.44,D,False,10.3,"Pinnacle gives home 67% win prob | clear form advantage: 11pts vs 5pts in last 5 | attacking mismatch: home scores 2.2/game, opp concedes 1.8/game | venue form gap: +7 (home-at-home vs away-at-away)"
2024-08-26/2024-09-01,False,Barcelona vs Valladolid,Home Win,1.25,H,True,15.0,Pinnacle gives home 77% win prob | dominant form gap: 15pts vs 6pts in last 5 (historic 87% accuracy) | venue form gap: +14 (home-at-home vs away-at-away) | home on 7-game win streak,West Ham vs Man City,Away Win,1.37,A,True,14.8,Pinnacle gives away 70% win prob | dominant away form gap: 15pts vs 6pts in last 5 (historic 87%) | away attack 3.0/game vs leaky home defence 2.2 conceded/game | venue form gap: -10 (home-at-home vs away-at-away) | away on 11-game win streak,3,2.21,False,Leganes vs Mallorca,2.89,A,False,25.8,"Pinnacle draw 34% | gap=-1pts | home DR 67%, away DR 50%",Ath Madrid vs Espanol,Home Win,1.29,D,False,13.6,"Pinnacle gives home 74% win prob | clear form advantage: 10pts vs 3pts in last 5 | attacking mismatch: home scores 2.2/game, opp concedes 2.0/game | venue form gap: +8 (home-at-home vs away-at-away) | away on 2-game losing streak"
2024-09-30/2024-10-06,False,Arsenal vs Southampton,Home Win,1.13,H,True,15.5,"Pinnacle gives home 85% win prob | dominant form gap: 11pts vs 1pts in last 5 (historic 87% accuracy) | attacking mismatch: home scores 2.0/game, opp concedes 2.2/game | venue form gap: +13 (home-at-home vs away-at-away)",Leverkusen vs Holstein Kiel,Home Win,1.08,D,False,14.5,"Pinnacle gives home 89% win prob | dominant form gap: 10pts vs 1pts in last 5 (historic 87% accuracy) | attacking mismatch: home scores 2.8/game, opp concedes 3.4/game | venue form gap: +9 (home-at-home vs away-at-away)",3,1.59,False,Leganes vs Valencia,2.81,D,True,18.3,"Pinnacle draw 35% | gap=-3pts | home DR 50%, away DR 30%",Stuttgart vs Hoffenheim,Home Win,1.3,D,False,14.2,"Pinnacle gives home 73% win prob | attacking mismatch: home scores 2.8/game, opp concedes 3.0/game | venue form gap: +10 (home-at-home vs away-at-away) | away on 4-game losing streak"
2024-11-04/2024-11-10,False,Atalanta vs Udinese,Home Win,1.37,H,True,13.3,Pinnacle gives home 70% win prob | dominant form gap: 15pts vs 6pts in last 5 (historic 87% accuracy) | venue form gap: +8 (home-at-home vs away-at-away) | home on 5-game win streak | away on 2-game losing streak,Fiorentina vs Verona,Home Win,1.46,H,True,13.1,"Pinnacle gives home 66% win prob | dominant form gap: 15pts vs 6pts in last 5 (historic 87% accuracy) | attacking mismatch: home scores 3.0/game, opp concedes 2.6/game | venue form gap: +8 (home-at-home vs away-at-away) | home on 5-game win streak",3,2.5,False,Empoli vs Como,3.04,H,False,15.2,"Pinnacle draw 31% | gap=-2pts | home DR 50%, away DR 30%",Tottenham vs Ipswich,Home Win,1.25,A,False,12.9,"Pinnacle gives home 77% win prob | clear form advantage: 9pts vs 2pts in last 5 | attacking mismatch: home scores 2.6/game, opp concedes 2.6/game | venue form gap: +10 (home-at-home vs away-at-away)"
2024-11-18/2024-11-24,False,Bayern Munich vs Augsburg,Home Win,1.12,H,True,16.1,Pinnacle gives home 87% win prob | venue form gap: +12 (home-at-home vs away-at-away) | home on 4-game win streak,Ath Madrid vs Alaves,Home Win,1.36,H,True,11.2,Pinnacle gives home 71% win prob | clear form advantage: 10pts vs 3pts in last 5 | venue form gap: +11 (home-at-home vs away-at-away) | home on 2-game win streak,3,2.1,True,Wolfsburg vs Union Berlin,3.28,H,False,11.4,"Pinnacle draw 30% | gap=+0pts | home DR 30%, away DR 40%",Verona vs Inter,Away Win,1.38,A,True,10.1,Pinnacle gives away 70% win prob | away team clearly stronger: 11pts vs 3pts in last 5 | away attack 2.0/game vs leaky home defence 3.0 conceded/game | venue form gap: -5 (home-at-home vs away-at-away)
2024-12-09/2024-12-15,False,Ath Madrid vs Getafe,Home Win,1.41,H,True,12.7,Pinnacle gives home 68% win prob | dominant form gap: 15pts vs 6pts in last 5 (historic 87% accuracy) | venue form gap: +12 (home-at-home vs away-at-away) | home on 5-game win streak,Cagliari vs Atalanta,Away Win,1.55,A,True,11.6,Pinnacle gives away 62% win prob | dominant away form gap: 15pts vs 5pts in last 5 (historic 87%) | away attack 2.4/game vs leaky home defence 1.6 conceded/game | venue form gap: -6 (home-at-home vs away-at-away) | away on 9-game win streak,3,2.69,False,Lecce vs Monza,3.08,H,False,11.4,"Pinnacle draw 31% | gap=+3pts | home DR 20%, away DR 40%",Arsenal vs Everton,Home Win,1.23,D,False,10.3,Pinnacle gives home 78% win prob | clear form advantage: 11pts vs 5pts in last 5 | venue form gap: +8 (home-at-home vs away-at-away)
2024-12-23/2024-12-29,False,Inter vs Como,Home Win,1.23,H,True,13.3,Pinnacle gives home 78% win prob | clear form advantage: 13pts vs 6pts in last 5 | venue form gap: +9 (home-at-home vs away-at-away) | home on 3-game win streak,Cagliari vs Inter,Away Win,1.43,A,True,12.8,Pinnacle gives away 67% win prob | dominant away form gap: 13pts vs 4pts in last 5 (historic 87%) | venue form gap: -8 (home-at-home vs away-at-away) | away on 4-game win streak | home on 3-game losing streak,2,1.76,True,Empoli vs Genoa,2.9,A,False,16.0,"Pinnacle draw 33% | gap=-2pts | home DR 30%, away DR 50%",,,,,,,
2025-01-06/2025-01-12,False,Venezia vs Inter,Away Win,1.28,A,True,13.1,Pinnacle gives away 75% win prob | dominant away form gap: 15pts vs 6pts in last 5 (historic 87%) | venue form gap: -10 (home-at-home vs away-at-away) | away on 5-game win streak,Ath Madrid vs Osasuna,Home Win,1.29,H,True,12.7,Pinnacle gives home 75% win prob | dominant form gap: 15pts vs 4pts in last 5 (historic 87% accuracy) | venue form gap: +9 (home-at-home vs away-at-away) | home on 7-game win streak,2,1.65,True,Torino vs Juventus,3.25,D,True,16.3,"Pinnacle draw 30% | gap=-1pts | home DR 40%, away DR 70%",,,,,,,
2025-02-03/2025-02-09,False,Bayern Munich vs Werder Bremen,Home Win,1.09,H,True,17.4,"Pinnacle gives home 88% win prob | dominant form gap: 15pts vs 5pts in last 5 (historic 87% accuracy) | attacking mismatch: home scores 3.0/game, opp concedes 2.2/game | venue form gap: +8 (home-at-home vs away-at-away) | home on 6-game win streak",Vallecano vs Valladolid,Home Win,1.5,H,True,10.4,Pinnacle gives home 64% win prob | clear form advantage: 11pts vs 3pts in last 5 | venue form gap: +7 (home-at-home vs away-at-away) | home on 2-game win streak | away on 3-game losing streak,2,1.64,True,Torino vs Genoa,2.98,D,True,21.2,"Pinnacle draw 32% | gap=+0pts | home DR 60%, away DR 30%",,,,,,,
2025-02-10/2025-02-16,False,Leicester vs Arsenal,Away Win,1.34,A,True,13.3,Pinnacle gives away 72% win prob | away team clearly stronger: 11pts vs 3pts in last 5 | away attack 2.2/game vs leaky home defence 2.2 conceded/game | venue form gap: -10 (home-at-home vs away-at-away) | away on 2-game win streak,Liverpool vs Wolves,Home Win,1.19,H,True,12.4,"Pinnacle gives home 81% win prob | clear form advantage: 11pts vs 3pts in last 5 | attacking mismatch: home scores 2.2/game, opp concedes 2.0/game | venue form gap: +7 (home-at-home vs away-at-away)",3,2.42,True,Leganes vs Alaves,2.93,D,True,17.5,"Pinnacle draw 33% | gap=+1pts | home DR 30%, away DR 50%",Southampton vs Bournemouth,Away Win,1.52,A,True,10.9,Pinnacle gives away 63% win prob | away team clearly stronger: 10pts vs 3pts in last 5 | away attack 2.4/game vs leaky home defence 3.0 conceded/game | venue form gap: -11 (home-at-home vs away-at-away)
2025-02-17/2025-02-23,False,Arsenal vs West Ham,Home Win,1.25,A,False,16.4,"Pinnacle gives home 76% win prob | dominant form gap: 13pts vs 4pts in last 5 (historic 87% accuracy) | attacking mismatch: home scores 2.4/game, opp concedes 1.6/game | venue form gap: +6 (home-at-home vs away-at-away) | home on 3-game win streak | away on 2-game losing streak",Empoli vs Atalanta,Away Win,1.58,A,True,11.8,Pinnacle gives away 61% win prob | away team clearly stronger: 8pts vs 1pts in last 5 | away attack 2.0/game vs leaky home defence 2.6 conceded/game | venue form gap: -10 (home-at-home vs away-at-away) | home on 3-game losing streak,3,2.67,False,Lecce vs Udinese,3.1,A,False,12.1,"Pinnacle draw 31% | gap=-2pts | home DR 30%, away DR 40%",RB Leipzig vs Heidenheim,Home Win,1.35,D,False,11.1,Pinnacle gives home 71% win prob | clear form advantage: 7pts vs 0pts in last 5 | venue form gap: +9 (home-at-home vs away-at-away) | away on 5-game losing streak
2025-02-24/2025-03-02,False,Roma vs Monza,Home Win,1.33,H,True,18.2,"Pinnacle gives home 72% win prob | dominant form gap: 13pts vs 1pts in last 5 (historic 87% accuracy) | MISMATCH: home on 13pts, away on 1pts — best config (90%+ historic) | venue form gap: +13 (home-at-home vs away-at-away) | home on 2-game win streak",Barcelona vs Sociedad,Home Win,1.27,H,True,14.0,"Pinnacle gives home 75% win prob | dominant form gap: 15pts vs 6pts in last 5 (historic 87% accuracy) | attacking mismatch: home scores 3.0/game, opp concedes 1.8/game | venue form gap: +6 (home-at-home vs away-at-away) | home on 5-game win streak",2,1.69,True,Osasuna vs Valencia,3.19,D,True,18.3,"Pinnacle draw 30% | gap=-1pts | home DR 60%, away DR 40%",,,,,,,
2025-03-03/2025-03-09,False,Liverpool vs Southampton,Home Win,1.12,H,True,18.2,"Pinnacle gives home 86% win prob | clear form advantage: 11pts vs 3pts in last 5 | attacking mismatch: home scores 2.0/game, opp concedes 3.0/game | venue form gap: +10 (home-at-home vs away-at-away) | home on 2-game win streak | away on 3-game losing streak",Inter vs Monza,Home Win,1.13,H,True,14.8,Pinnacle gives home 85% win prob | clear form advantage: 7pts vs 1pts in last 5 | venue form gap: +13 (home-at-home vs away-at-away) | away on 2-game losing streak,3,1.61,False,Cagliari vs Genoa,3.08,D,True,9.5,"Pinnacle draw 31% | gap=-1pts | home DR 20%, away DR 30%",Leverkusen vs Werder Bremen,Home Win,1.27,A,False,13.0,Pinnacle gives home 76% win prob | clear form advantage: 11pts vs 3pts in last 5 | venue form gap: +9 (home-at-home vs away-at-away) | home on 2-game win streak | away on 4-game losing streak
2025-03-24/2025-03-30,False,Barcelona vs Osasuna,Home Win,1.28,H,True,22.9,"Pinnacle gives home 75% win prob | dominant form gap: 15pts vs 3pts in last 5 (historic 87% accuracy) | MISMATCH: home on 15pts, away on 3pts — best config (90%+ historic) | attacking mismatch: home scores 3.0/game, opp concedes 1.6/game | venue form gap: +9 (home-at-home vs away-at-away) | home on 7-game win streak",Barcelona vs Girona,Home Win,1.23,H,True,21.5,"Pinnacle gives home 78% win prob | dominant form gap: 15pts vs 3pts in last 5 (historic 87% accuracy) | MISMATCH: home on 15pts, away on 3pts — best config (90%+ historic) | attacking mismatch: home scores 2.8/game, opp concedes 1.6/game | venue form gap: +11 (home-at-home vs away-at-away) | home on 8-game win streak",3,1.83,True,Valencia vs Mallorca,3.22,H,False,13.2,"Pinnacle draw 30% | gap=-3pts | home DR 40%, away DR 40%",Real Madrid vs Leganes,Home Win,1.16,H,True,15.1,Pinnacle gives home 83% win prob | clear form advantage: 10pts vs 4pts in last 5 | venue form gap: +11 (home-at-home vs away-at-away) | home on 2-game win streak | away on 2-game losing streak
2025-03-31/2025-04-06,False,Southampton vs Crystal Palace,Away Win,1.63,D,False,23.3,Pinnacle gives away 59% win prob | dominant away form gap: 12pts vs 0pts in last 5 (historic 87%) | away attack 2.0/game vs leaky home defence 3.2 conceded/game | venue form gap: -13 (home-at-home vs away-at-away) | away on 3-game win streak | home on 5-game losing streak,Man City vs Leicester,Home Win,1.2,H,True,11.8,Pinnacle gives home 80% win prob | clear form advantage: 7pts vs 0pts in last 5 | venue form gap: +7 (home-at-home vs away-at-away) | away on 6-game losing streak,3,2.66,False,Sevilla vs Ath Madrid,3.39,A,False,11.4,"Pinnacle draw 29% | gap=-2pts | home DR 40%, away DR 40%",Liverpool vs Everton,Home Win,1.36,H,True,10.6,Pinnacle gives home 71% win prob | clear form advantage: 13pts vs 7pts in last 5 | venue form gap: +5 (home-at-home vs away-at-away) | home on 3-game win streak
2025-04-21/2025-04-27,False,Wolves vs Leicester,Home Win,1.52,H,True,19.4,"Pinnacle gives home 63% win prob | dominant form gap: 15pts vs 1pts in last 5 (historic 87% accuracy) | MISMATCH: home on 15pts, away on 1pts — best config (90%+ historic) | attacking mismatch: home scores 2.0/game, opp concedes 2.2/game | venue form gap: +9 (home-at-home vs away-at-away) | home on 5-game win streak",Juventus vs Monza,Home Win,1.18,H,True,13.8,Pinnacle gives home 81% win prob | clear form advantage: 7pts vs 1pts in last 5 | venue form gap: +12 (home-at-home vs away-at-away) | away on 4-game losing streak,2,1.79,True,Genoa vs Lazio,3.18,A,False,16.6,"Pinnacle draw 30% | gap=+2pts | home DR 40%, away DR 50%",,,,,,,
2025-04-28/2025-05-04,False,Valladolid vs Barcelona,Away Win,1.17,A,True,31.3,Pinnacle gives away 82% win prob | dominant away form gap: 13pts vs 0pts in last 5 (historic 87%) | away attack 2.2/game vs leaky home defence 3.6 conceded/game | venue form gap: -12 (home-at-home vs away-at-away) | away on 3-game win streak | home on 7-game losing streak,Lecce vs Napoli,Away Win,1.54,A,True,14.1,Pinnacle gives away 62% win prob | dominant away form gap: 13pts vs 2pts in last 5 (historic 87%) | venue form gap: -5 (home-at-home vs away-at-away) | away on 3-game win streak,3,2.2,True,Torino vs Venezia,3.03,D,True,21.0,"Pinnacle draw 32% | gap=+0pts | home DR 30%, away DR 60%",Monza vs Atalanta,Away Win,1.22,A,True,12.7,Pinnacle gives away 79% win prob | away team clearly stronger: 7pts vs 0pts in last 5 | venue form gap: -10 (home-at-home vs away-at-away) | home on 5-game losing streak
2025-05-05/2025-05-11,False,Southampton vs Man City,Away Win,1.19,D,False,25.9,Pinnacle gives away 81% win prob | dominant away form gap: 13pts vs 1pts in last 5 (historic 87%) | away attack 2.0/game vs leaky home defence 2.2 conceded/game | venue form gap: -6 (home-at-home vs away-at-away) | away on 4-game win streak | home on 2-game losing streak,Napoli vs Genoa,Home Win,1.3,D,False,15.4,Pinnacle gives home 74% win prob | dominant form gap: 13pts vs 4pts in last 5 (historic 87% accuracy) | venue form gap: +11 (home-at-home vs away-at-away) | home on 4-game win streak | away on 3-game losing streak,3,2.57,False,Girona vs Mallorca,3.19,H,False,14.6,"Pinnacle draw 30% | gap=-3pts | home DR 40%, away DR 40%",Ipswich vs Brentford,Away Win,1.66,A,True,12.2,Pinnacle gives away 58% win prob | dominant away form gap: 11pts vs 2pts in last 5 (historic 87%) | away attack 2.2/game vs leaky home defence 2.6 conceded/game | venue form gap: -10 (home-at-home vs away-at-away) | away on 3-game win streak
2025-05-19/2025-05-25,False,Villarreal vs Sevilla,Home Win,1.47,H,True,13.0,"Pinnacle gives home 66% win prob | dominant form gap: 15pts vs 4pts in last 5 (historic 87% accuracy) | attacking mismatch: home scores 2.4/game, opp concedes 1.6/game | venue form gap: +8 (home-at-home vs away-at-away) | home on 5-game win streak",Leganes vs Valladolid,Home Win,1.33,H,True,10.0,Pinnacle gives home 73% win prob | clear form advantage: 8pts vs 0pts in last 5 | venue form gap: +5 (home-at-home vs away-at-away) | away on 11-game losing streak,2,1.96,True,Alaves vs Osasuna,3.3,D,True,9.7,"Pinnacle draw 29% | gap=+0pts | home DR 30%, away DR 30%",,,,,,,
2025-08-18/2025-08-24,False,Oviedo vs Real Madrid,Away Win,1.32,A,True,24.3,Pinnacle gives away 73% win prob | dominant away form gap: 12pts vs 0pts in last 5 (historic 87%) | away attack 2.0/game vs leaky home defence 2.0 conceded/game | venue form gap: -12 (home-at-home vs away-at-away) | away on 4-game win streak,Bayern Munich vs RB Leipzig,Home Win,1.23,H,True,18.6,"Pinnacle gives home 78% win prob | dominant form gap: 13pts vs 3pts in last 5 (historic 87% accuracy) | MISMATCH: home on 13pts, away on 3pts — best config (90%+ historic) | attacking mismatch: home scores 3.2/game, opp concedes 2.2/game | venue form gap: +5 (home-at-home vs away-at-away) | home on 2-game win streak",3,2.42,False,Osasuna vs Valencia,3.16,H,False,13.0,"Pinnacle draw 31% | gap=+3pts | home DR 30%, away DR 40%",Man City vs Tottenham,Home Win,1.49,A,False,15.1,"Pinnacle gives home 65% win prob | dominant form gap: 13pts vs 4pts in last 5 (historic 87% accuracy) | attacking mismatch: home scores 2.0/game, opp concedes 1.8/game | venue form gap: +14 (home-at-home vs away-at-away) | home on 3-game win streak"
2025-08-25/2025-08-31,False,Real Madrid vs Mallorca,Home Win,1.21,H,True,25.6,"Pinnacle gives home 79% win prob | dominant form gap: 15pts vs 2pts in last 5 (historic 87% accuracy) | MISMATCH: home on 15pts, away on 2pts — best config (90%+ historic) | attacking mismatch: home scores 2.0/game, opp concedes 1.6/game | venue form gap: +11 (home-at-home vs away-at-away) | home on 5-game win streak",Augsburg vs Bayern Munich,Away Win,1.27,A,True,21.8,Pinnacle gives away 76% win prob | dominant away form gap: 13pts vs 3pts in last 5 (historic 87%) | away attack 3.6/game vs leaky home defence 2.4 conceded/game | venue form gap: -7 (home-at-home vs away-at-away) | away on 3-game win streak,3,2.03,False,Hamburg vs St Pauli,3.29,A,False,24.3,"Pinnacle draw 29% | gap=-2pts | home DR 100%, away DR 50%",Inter vs Udinese,Home Win,1.32,A,False,12.3,"Pinnacle gives home 73% win prob | dominant form gap: 13pts vs 4pts in last 5 (historic 87% accuracy) | attacking mismatch: home scores 2.4/game, opp concedes 1.8/game | venue form gap: +7 (home-at-home vs away-at-away) | home on 2-game win streak"
2025-09-08/2025-09-14,False,Bayern Munich vs Hamburg,Home Win,1.07,H,True,25.0,"Pinnacle gives home 90% win prob | dominant form gap: 13pts vs 1pts in last 5 (historic 87% accuracy) | MISMATCH: home on 13pts, away on 1pts — best config (90%+ historic) | venue form gap: +12 (home-at-home vs away-at-away) | home on 4-game win streak",Roma vs Torino,Home Win,1.52,A,False,17.6,"Pinnacle gives home 63% win prob | dominant form gap: 12pts vs 1pts in last 5 (historic 87% accuracy) | MISMATCH: home on 12pts, away on 1pts — best config (90%+ historic) | venue form gap: +12 (home-at-home vs away-at-away) | home on 4-game win streak",3,2.62,False,Pisa vs Udinese,3.11,A,False,13.2,"Pinnacle draw 31% | gap=-3pts | home DR 50%, away DR 20%",Sociedad vs Real Madrid,Away Win,1.61,A,True,11.5,Pinnacle gives away 60% win prob | dominant away form gap: 15pts vs 5pts in last 5 (historic 87%) | away attack 2.0/game vs leaky home defence 1.6 conceded/game | venue form gap: -7 (home-at-home vs away-at-away) | away on 6-game win streak
2025-09-22/2025-09-28,False,Napoli vs Pisa,Home Win,1.26,H,True,24.5,"Pinnacle gives home 77% win prob | dominant form gap: 13pts vs 1pts in last 5 (historic 87% accuracy) | MISMATCH: home on 13pts, away on 1pts — best config (90%+ historic) | venue form gap: +12 (home-at-home vs away-at-away) | home on 4-game win streak | away on 2-game losing streak",Barcelona vs Sociedad,Home Win,1.29,H,True,16.0,"Pinnacle gives home 74% win prob | dominant form gap: 13pts vs 4pts in last 5 (historic 87% accuracy) | attacking mismatch: home scores 3.2/game, opp concedes 1.6/game | venue form gap: +11 (home-at-home vs away-at-away) | home on 3-game win streak",3,2.16,True,Osasuna vs Elche,3.09,D,True,13.8,"Pinnacle draw 31% | gap=-3pts | home DR 20%, away DR 60%",Levante vs Real Madrid,Away Win,1.33,A,True,13.0,Pinnacle gives away 72% win prob | dominant away form gap: 15pts vs 4pts in last 5 (historic 87%) | away attack 2.0/game vs leaky home defence 1.8 conceded/game | venue form gap: -5 (home-at-home vs away-at-away) | away on 8-game win streak
2025-10-20/2025-10-26,False,M'gladbach vs Bayern Munich,Away Win,1.23,A,True,25.3,Pinnacle gives away 78% win prob | dominant away form gap: 15pts vs 2pts in last 5 (historic 87%) | away attack 3.6/game vs leaky home defence 2.8 conceded/game | venue form gap: -11 (home-at-home vs away-at-away) | away on 9-game win streak,Arsenal vs Crystal Palace,Home Win,1.44,H,True,10.0,Pinnacle gives home 67% win prob | venue form gap: +5 (home-at-home vs away-at-away) | home on 3-game win streak,2,1.77,True,Osasuna vs Celta,3.2,A,False,18.1,"Pinnacle draw 30% | gap=+0pts | home DR 20%, away DR 70%",,,,,,,
2025-10-27/2025-11-02,False,Real Madrid vs Valencia,Home Win,1.18,H,True,27.8,"Pinnacle gives home 81% win prob | dominant form gap: 12pts vs 2pts in last 5 (historic 87% accuracy) | MISMATCH: home on 12pts, away on 2pts — best config (90%+ historic) | attacking mismatch: home scores 2.4/game, opp concedes 1.6/game | venue form gap: +13 (home-at-home vs away-at-away) | home on 3-game win streak",Burnley vs Arsenal,Away Win,1.28,A,True,11.3,Pinnacle gives away 75% win prob | away team clearly stronger: 13pts vs 7pts in last 5 | venue form gap: -5 (home-at-home vs away-at-away) | away on 4-game win streak,2,1.51,True,Levante vs Celta,3.41,A,False,14.2,"Pinnacle draw 28% | gap=-1pts | home DR 30%, away DR 70%",,,,,,,
2025-11-24/2025-11-30,False,Ath Madrid vs Oviedo,Home Win,1.23,H,True,21.1,"Pinnacle gives home 78% win prob | dominant form gap: 15pts vs 3pts in last 5 (historic 87% accuracy) | MISMATCH: home on 15pts, away on 3pts — best config (90%+ historic) | venue form gap: +11 (home-at-home vs away-at-away) | home on 5-game win streak",Barcelona vs Alaves,Home Win,1.19,H,True,16.6,Pinnacle gives home 80% win prob | clear form advantage: 12pts vs 4pts in last 5 | venue form gap: +11 (home-at-home vs away-at-away) | home on 3-game win streak | away on 2-game losing streak,3,1.83,True,Torino vs Como,3.24,A,False,19.9,"Pinnacle draw 30% | gap=+0pts | home DR 50%, away DR 60%",Man City vs Leeds,Home Win,1.25,H,True,13.1,Pinnacle gives home 77% win prob | clear form advantage: 9pts vs 3pts in last 5 | venue form gap: +12 (home-at-home vs away-at-away) | away on 3-game losing streak
2025-12-01/2025-12-07,False,Newcastle vs Burnley,Home Win,1.27,H,True,13.3,"Pinnacle gives home 75% win prob | clear form advantage: 7pts vs 0pts in last 5 | attacking mismatch: home scores 2.0/game, opp concedes 2.2/game | venue form gap: +7 (home-at-home vs away-at-away) | away on 5-game losing streak",Bologna vs Cremonese,Home Win,1.47,A,False,12.4,Pinnacle gives home 66% win prob | clear form advantage: 11pts vs 4pts in last 5 | venue form gap: +8 (home-at-home vs away-at-away) | home on 3-game win streak | away on 3-game losing streak,3,2.31,False,Oviedo vs Mallorca,3.04,D,True,12.7,"Pinnacle draw 32% | gap=-2pts | home DR 30%, away DR 30%",Man City vs Sunderland,Home Win,1.24,H,True,11.2,Pinnacle gives home 77% win prob | clear form advantage: 12pts vs 6pts in last 5 | venue form gap: +8 (home-at-home vs away-at-away) | home on 2-game win streak
2025-12-08/2025-12-14,False,Bayern Munich vs Mainz,Home Win,1.09,D,False,33.7,"Pinnacle gives home 88% win prob | dominant form gap: 13pts vs 2pts in last 5 (historic 87% accuracy) | MISMATCH: home on 13pts, away on 2pts — best config (90%+ historic) | attacking mismatch: home scores 3.8/game, opp concedes 1.6/game | venue form gap: +12 (home-at-home vs away-at-away) | home on 3-game win streak | away on 2-game losing streak",Barcelona vs Osasuna,Home Win,1.22,H,True,12.7,Pinnacle gives home 78% win prob | dominant form gap: 15pts vs 5pts in last 5 (historic 87% accuracy) | venue form gap: +13 (home-at-home vs away-at-away) | home on 6-game win streak,2,1.33,False,Pisa vs Parma,2.97,A,False,21.5,"Pinnacle draw 33% | gap=+2pts | home DR 60%, away DR 40%",,,,,,,
2025-12-15/2025-12-21,False,Man City vs West Ham,Home Win,1.2,H,True,26.7,"Pinnacle gives home 80% win prob | dominant form gap: 12pts vs 3pts in last 5 (historic 87% accuracy) | MISMATCH: home on 12pts, away on 3pts — best config (90%+ historic) | attacking mismatch: home scores 3.0/game, opp concedes 1.8/game | venue form gap: +12 (home-at-home vs away-at-away) | home on 4-game win streak",Heidenheim vs Bayern Munich,Away Win,1.13,A,True,12.2,Pinnacle gives away 85% win prob | away attack 3.6/game vs leaky home defence 2.6 conceded/game | venue form gap: -5 (home-at-home vs away-at-away),2,1.36,True,Cagliari vs Pisa,3.19,D,True,16.5,"Pinnacle draw 30% | gap=+1pts | home DR 40%, away DR 50%",,,,,,,
2026-01-05/2026-01-11,False,Parma vs Inter,Away Win,1.39,A,True,11.4,Pinnacle gives away 69% win prob | away team clearly stronger: 15pts vs 7pts in last 5 | venue form gap: -8 (home-at-home vs away-at-away) | away on 5-game win streak,Bayern Munich vs Wolfsburg,Home Win,1.1,H,True,11.0,"Pinnacle gives home 87% win prob | clear form advantage: 13pts vs 7pts in last 5 | attacking mismatch: home scores 4.0/game, opp concedes 2.0/game | venue form gap: +6 (home-at-home vs away-at-away)",2,1.53,True,Valencia vs Elche,3.14,D,True,13.5,"Pinnacle draw 31% | gap=-3pts | home DR 50%, away DR 30%",,,,,,,
